INFO:django.utils.autoreload:[2025-05-24 00:52:10] autoreload.py:667:Watching for file changes with StatReloader
INFO:django.utils.autoreload:[2025-05-24 00:52:27] autoreload.py:667:Watching for file changes with StatReloader
INFO:django.utils.autoreload:[2025-05-24 00:52:31] autoreload.py:667:Watching for file changes with StatReloader
INFO:django.utils.autoreload:[2025-05-24 00:52:38] autoreload.py:667:Watching for file changes with StatReloader
INFO:django.utils.autoreload:[2025-05-24 00:53:28] autoreload.py:667:Watching for file changes with StatReloader
INFO:django.utils.autoreload:[2025-07-06 23:30:24] autoreload.py:667:Watching for file changes with StatReloader
INFO:django.utils.autoreload:[2025-07-06 23:41:26] autoreload.py:667:Watching for file changes with StatReloader
INFO:django.utils.autoreload:[2025-07-06 23:55:06] autoreload.py:667:Watching for file changes with StatReloader
INFO:django.utils.autoreload:[2025-07-07 00:01:28] autoreload.py:667:Watching for file changes with StatReloader
INFO:django.utils.autoreload:[2025-07-07 00:02:32] autoreload.py:667:Watching for file changes with StatReloader
INFO:django.utils.autoreload:[2025-07-07 00:03:34] autoreload.py:667:Watching for file changes with StatReloader
INFO:django.server:[2025-07-07 00:03:38] basehttp.py:213:"GET / HTTP/1.1" 302 0
INFO:django.server:[2025-07-07 00:03:39] basehttp.py:213:"GET /userprofiles/usersignin/ HTTP/1.1" 200 7393
INFO:django.server:[2025-07-07 00:03:39] basehttp.py:213:"GET /static/assets/img/favicons/manifest.json HTTP/1.1" 200 403
INFO:django.server:[2025-07-07 00:03:39] basehttp.py:213:"GET /static/vendors/simplebar/simplebar.min.css HTTP/1.1" 200 3269
INFO:django.server:[2025-07-07 00:03:39] basehttp.py:213:"GET /static/assets/js/config.js HTTP/1.1" 200 3559
INFO:django.server:[2025-07-07 00:03:39] basehttp.py:213:"GET /static/vendors/simplebar/simplebar.min.js HTTP/1.1" 200 27057
INFO:django.server:[2025-07-07 00:03:39] basehttp.py:213:"GET /static/assets/css/user-rtl.min.css HTTP/1.1" 200 67
INFO:django.server:[2025-07-07 00:03:39] basehttp.py:213:"GET /static/assets/css/user.min.css HTTP/1.1" 200 63
INFO:django.server:[2025-07-07 00:03:39] basehttp.py:213:"GET /static/vendors/popper/popper.min.js HTTP/1.1" 200 20122
INFO:django.server:[2025-07-07 00:03:39] basehttp.py:213:"GET /static/vendors/anchorjs/anchor.min.js HTTP/1.1" 200 5888
INFO:django.server:[2025-07-07 00:03:39] basehttp.py:213:"GET /static/vendors/is/is.min.js HTTP/1.1" 200 13181
INFO:django.server:[2025-07-07 00:03:39] basehttp.py:213:"GET /static/vendors/bootstrap/bootstrap.min.js HTTP/1.1" 200 60635
INFO:django.server:[2025-07-07 00:03:39] basehttp.py:213:"GET /static/vendors/lodash/lodash.min.js HTTP/1.1" 200 73015
INFO:django.server:[2025-07-07 00:03:39] basehttp.py:213:"GET /static/vendors/list.js/list.min.js HTTP/1.1" 200 19487
INFO:django.server:[2025-07-07 00:03:39] basehttp.py:213:"GET /static/vendors/dayjs/dayjs.min.js HTTP/1.1" 200 7160
INFO:django.server:[2025-07-07 00:03:39] basehttp.py:213:"GET /static/vendors/feather-icons/feather.min.js HTTP/1.1" 200 76047
INFO:django.server:[2025-07-07 00:03:39] basehttp.py:213:"GET /static/assets/js/phoenix.js HTTP/1.1" 200 134720
INFO:django.server:[2025-07-07 00:03:39] basehttp.py:213:"GET /static/assets/css/theme-rtl.min.css HTTP/1.1" 200 1117816
INFO:django.server:[2025-07-07 00:03:39] basehttp.py:213:"GET /static/assets/css/theme.min.css HTTP/1.1" 200 1118625
INFO:django.server:[2025-07-07 00:03:39] basehttp.py:213:"GET /static/vendors/fontawesome/all.min.js HTTP/1.1" 200 1489225
INFO:django.server:[2025-07-07 00:03:39] basehttp.py:213:"GET /static/assets/img/logos/panda_logo.png HTTP/1.1" 200 1439418
INFO:django.server:[2025-07-07 00:03:39] basehttp.py:213:"GET /static/assets/img/favicons/favicon-16x16.png HTTP/1.1" 200 678
INFO:django.server:[2025-07-07 00:03:39] basehttp.py:213:"GET /static/assets/img/favicons/favicon-32x32.png HTTP/1.1" 200 1794
INFO:django.server:[2025-07-07 00:03:39] basehttp.py:213:"GET /static/assets/img/favicons/favicon.ico HTTP/1.1" 200 15406
INFO:django.server:[2025-07-07 00:03:48] basehttp.py:213:"POST /userprofiles/usersignin/ HTTP/1.1" 200 7542
INFO:django.server:[2025-07-07 00:03:56] basehttp.py:213:"POST /userprofiles/usersignin/ HTTP/1.1" 200 7542
INFO:django.server:[2025-07-07 00:04:16] basehttp.py:213:"POST /userprofiles/usersignin/ HTTP/1.1" 200 7542
INFO:django.server:[2025-07-07 00:04:17] basehttp.py:213:"GET /static/assets/img/favicons/apple-touch-icon.png HTTP/1.1" 200 29202
INFO:django.server:[2025-07-07 00:05:04] basehttp.py:213:"POST /userprofiles/usersignin/ HTTP/1.1" 200 7542
INFO:django.server:[2025-07-07 00:05:11] basehttp.py:213:"POST /userprofiles/usersignin/ HTTP/1.1" 200 7542
INFO:django.server:[2025-07-07 00:07:42] basehttp.py:213:"GET / HTTP/1.1" 302 0
INFO:django.server:[2025-07-07 00:07:42] basehttp.py:213:"GET /userprofiles/usersignin/ HTTP/1.1" 200 7393
INFO:django.server:[2025-07-07 00:07:55] basehttp.py:213:"POST /userprofiles/usersignin/ HTTP/1.1" 200 7542
INFO:django.server:[2025-07-07 00:08:08] basehttp.py:213:"POST /userprofiles/usersignin/ HTTP/1.1" 200 7542
INFO:django.server:[2025-07-07 00:08:23] basehttp.py:213:"POST /userprofiles/usersignin/ HTTP/1.1" 200 7542
WARNING:django.server:[2025-07-07 00:08:31] basehttp.py:213:"GET /pages/authentication/simple/sign-up.html HTTP/1.1" 404 3059
WARNING:django.server:[2025-07-07 00:08:31] basehttp.py:213:"GET /favicon.ico HTTP/1.1" 404 2972
WARNING:django.server:[2025-07-07 00:08:43] basehttp.py:213:"GET /userprofiles/ HTTP/1.1" 404 4238
INFO:django.server:[2025-07-07 00:08:46] basehttp.py:213:"GET / HTTP/1.1" 302 0
INFO:django.server:[2025-07-07 00:08:46] basehttp.py:213:"GET /userprofiles/usersignin/ HTTP/1.1" 200 7393
INFO:django.server:[2025-07-07 00:08:50] basehttp.py:213:"GET / HTTP/1.1" 302 0
INFO:django.server:[2025-07-07 00:08:50] basehttp.py:213:"GET /userprofiles/usersignin/ HTTP/1.1" 200 7393
WARNING:django.server:[2025-07-07 00:08:51] basehttp.py:213:"GET /home HTTP/1.1" 404 2951
INFO:django.server:[2025-07-07 00:09:00] basehttp.py:213:"GET / HTTP/1.1" 302 0
INFO:django.server:[2025-07-07 00:09:00] basehttp.py:213:"GET /userprofiles/usersignin/ HTTP/1.1" 200 7393
INFO:django.server:[2025-07-07 00:09:07] basehttp.py:213:"GET /userprofiles/usersignin/ HTTP/1.1" 200 7393
WARNING:django.server:[2025-07-07 00:09:08] basehttp.py:213:"GET /userprofiles/ HTTP/1.1" 404 4238
INFO:django.server:[2025-07-07 00:09:27] basehttp.py:213:"GET /userprofiles/usersignin/ HTTP/1.1" 200 7393
WARNING:django.server:[2025-07-07 00:09:28] basehttp.py:213:"GET /userprofiles/usersignup HTTP/1.1" 404 4268
ERROR:django.request:[2025-07-07 00:09:37] log.py:253:Internal Server Error: /userprofiles/usersignup/
Traceback (most recent call last):
  File "/Users/zhongyu/Desktop/Web_app/venvs/proj_portal/lib/python3.11/site-packages/django/template/base.py", line 510, in parse
    compile_func = self.tags[command]
                   ~~~~~~~~~^^^^^^^^^
KeyError: 'static'

During handling of the above exception, another exception occurred:

Traceback (most recent call last):
  File "/Users/zhongyu/Desktop/Web_app/venvs/proj_portal/lib/python3.11/site-packages/django/core/handlers/exception.py", line 55, in inner
    response = get_response(request)
               ^^^^^^^^^^^^^^^^^^^^^
  File "/Users/zhongyu/Desktop/Web_app/venvs/proj_portal/lib/python3.11/site-packages/django/core/handlers/base.py", line 220, in _get_response
    response = response.render()
               ^^^^^^^^^^^^^^^^^
  File "/Users/zhongyu/Desktop/Web_app/venvs/proj_portal/lib/python3.11/site-packages/django/template/response.py", line 114, in render
    self.content = self.rendered_content
                   ^^^^^^^^^^^^^^^^^^^^^
  File "/Users/zhongyu/Desktop/Web_app/venvs/proj_portal/lib/python3.11/site-packages/django/template/response.py", line 90, in rendered_content
    template = self.resolve_template(self.template_name)
               ^^^^^^^^^^^^^^^^^^^^^^^^^^^^^^^^^^^^^^^^^
  File "/Users/zhongyu/Desktop/Web_app/venvs/proj_portal/lib/python3.11/site-packages/django/template/response.py", line 72, in resolve_template
    return select_template(template, using=self.using)
           ^^^^^^^^^^^^^^^^^^^^^^^^^^^^^^^^^^^^^^^^^^^
  File "/Users/zhongyu/Desktop/Web_app/venvs/proj_portal/lib/python3.11/site-packages/django/template/loader.py", line 42, in select_template
    return engine.get_template(template_name)
           ^^^^^^^^^^^^^^^^^^^^^^^^^^^^^^^^^^
  File "/Users/zhongyu/Desktop/Web_app/venvs/proj_portal/lib/python3.11/site-packages/django/template/backends/django.py", line 79, in get_template
    return Template(self.engine.get_template(template_name), self)
                    ^^^^^^^^^^^^^^^^^^^^^^^^^^^^^^^^^^^^^^^
  File "/Users/zhongyu/Desktop/Web_app/venvs/proj_portal/lib/python3.11/site-packages/django/template/engine.py", line 177, in get_template
    template, origin = self.find_template(template_name)
                       ^^^^^^^^^^^^^^^^^^^^^^^^^^^^^^^^^
  File "/Users/zhongyu/Desktop/Web_app/venvs/proj_portal/lib/python3.11/site-packages/django/template/engine.py", line 159, in find_template
    template = loader.get_template(name, skip=skip)
               ^^^^^^^^^^^^^^^^^^^^^^^^^^^^^^^^^^^^
  File "/Users/zhongyu/Desktop/Web_app/venvs/proj_portal/lib/python3.11/site-packages/django/template/loaders/cached.py", line 57, in get_template
    template = super().get_template(template_name, skip)
               ^^^^^^^^^^^^^^^^^^^^^^^^^^^^^^^^^^^^^^^^^
  File "/Users/zhongyu/Desktop/Web_app/venvs/proj_portal/lib/python3.11/site-packages/django/template/loaders/base.py", line 28, in get_template
    return Template(
           ^^^^^^^^^
  File "/Users/zhongyu/Desktop/Web_app/venvs/proj_portal/lib/python3.11/site-packages/django/template/base.py", line 154, in __init__
    self.nodelist = self.compile_nodelist()
                    ^^^^^^^^^^^^^^^^^^^^^^^
  File "/Users/zhongyu/Desktop/Web_app/venvs/proj_portal/lib/python3.11/site-packages/django/template/base.py", line 196, in compile_nodelist
    nodelist = parser.parse()
               ^^^^^^^^^^^^^^
  File "/Users/zhongyu/Desktop/Web_app/venvs/proj_portal/lib/python3.11/site-packages/django/template/base.py", line 512, in parse
    self.invalid_block_tag(token, command, parse_until)
  File "/Users/zhongyu/Desktop/Web_app/venvs/proj_portal/lib/python3.11/site-packages/django/template/base.py", line 577, in invalid_block_tag
    raise self.error(
django.template.exceptions.TemplateSyntaxError: Invalid block tag on line 19: 'static'. Did you forget to register or load this tag?
ERROR:django.server:[2025-07-07 00:09:37] basehttp.py:213:"GET /userprofiles/usersignup/ HTTP/1.1" 500 158903
INFO:django.utils.autoreload:[2025-07-07 00:10:42] autoreload.py:667:Watching for file changes with StatReloader
ERROR:django.request:[2025-07-07 00:10:46] log.py:253:Internal Server Error: /userprofiles/usersignup/
Traceback (most recent call last):
  File "/Users/zhongyu/Desktop/Web_app/venvs/proj_portal/lib/python3.11/site-packages/django/template/base.py", line 510, in parse
    compile_func = self.tags[command]
                   ~~~~~~~~~^^^^^^^^^
KeyError: 'static'

During handling of the above exception, another exception occurred:

Traceback (most recent call last):
  File "/Users/zhongyu/Desktop/Web_app/venvs/proj_portal/lib/python3.11/site-packages/django/core/handlers/exception.py", line 55, in inner
    response = get_response(request)
               ^^^^^^^^^^^^^^^^^^^^^
  File "/Users/zhongyu/Desktop/Web_app/venvs/proj_portal/lib/python3.11/site-packages/django/core/handlers/base.py", line 220, in _get_response
    response = response.render()
               ^^^^^^^^^^^^^^^^^
  File "/Users/zhongyu/Desktop/Web_app/venvs/proj_portal/lib/python3.11/site-packages/django/template/response.py", line 114, in render
    self.content = self.rendered_content
                   ^^^^^^^^^^^^^^^^^^^^^
  File "/Users/zhongyu/Desktop/Web_app/venvs/proj_portal/lib/python3.11/site-packages/django/template/response.py", line 90, in rendered_content
    template = self.resolve_template(self.template_name)
               ^^^^^^^^^^^^^^^^^^^^^^^^^^^^^^^^^^^^^^^^^
  File "/Users/zhongyu/Desktop/Web_app/venvs/proj_portal/lib/python3.11/site-packages/django/template/response.py", line 72, in resolve_template
    return select_template(template, using=self.using)
           ^^^^^^^^^^^^^^^^^^^^^^^^^^^^^^^^^^^^^^^^^^^
  File "/Users/zhongyu/Desktop/Web_app/venvs/proj_portal/lib/python3.11/site-packages/django/template/loader.py", line 42, in select_template
    return engine.get_template(template_name)
           ^^^^^^^^^^^^^^^^^^^^^^^^^^^^^^^^^^
  File "/Users/zhongyu/Desktop/Web_app/venvs/proj_portal/lib/python3.11/site-packages/django/template/backends/django.py", line 79, in get_template
    return Template(self.engine.get_template(template_name), self)
                    ^^^^^^^^^^^^^^^^^^^^^^^^^^^^^^^^^^^^^^^
  File "/Users/zhongyu/Desktop/Web_app/venvs/proj_portal/lib/python3.11/site-packages/django/template/engine.py", line 177, in get_template
    template, origin = self.find_template(template_name)
                       ^^^^^^^^^^^^^^^^^^^^^^^^^^^^^^^^^
  File "/Users/zhongyu/Desktop/Web_app/venvs/proj_portal/lib/python3.11/site-packages/django/template/engine.py", line 159, in find_template
    template = loader.get_template(name, skip=skip)
               ^^^^^^^^^^^^^^^^^^^^^^^^^^^^^^^^^^^^
  File "/Users/zhongyu/Desktop/Web_app/venvs/proj_portal/lib/python3.11/site-packages/django/template/loaders/cached.py", line 57, in get_template
    template = super().get_template(template_name, skip)
               ^^^^^^^^^^^^^^^^^^^^^^^^^^^^^^^^^^^^^^^^^
  File "/Users/zhongyu/Desktop/Web_app/venvs/proj_portal/lib/python3.11/site-packages/django/template/loaders/base.py", line 28, in get_template
    return Template(
           ^^^^^^^^^
  File "/Users/zhongyu/Desktop/Web_app/venvs/proj_portal/lib/python3.11/site-packages/django/template/base.py", line 154, in __init__
    self.nodelist = self.compile_nodelist()
                    ^^^^^^^^^^^^^^^^^^^^^^^
  File "/Users/zhongyu/Desktop/Web_app/venvs/proj_portal/lib/python3.11/site-packages/django/template/base.py", line 196, in compile_nodelist
    nodelist = parser.parse()
               ^^^^^^^^^^^^^^
  File "/Users/zhongyu/Desktop/Web_app/venvs/proj_portal/lib/python3.11/site-packages/django/template/base.py", line 512, in parse
    self.invalid_block_tag(token, command, parse_until)
  File "/Users/zhongyu/Desktop/Web_app/venvs/proj_portal/lib/python3.11/site-packages/django/template/base.py", line 577, in invalid_block_tag
    raise self.error(
django.template.exceptions.TemplateSyntaxError: Invalid block tag on line 19: 'static'. Did you forget to register or load this tag?
ERROR:django.server:[2025-07-07 00:10:46] basehttp.py:213:"GET /userprofiles/usersignup/ HTTP/1.1" 500 158903
INFO:django.utils.autoreload:[2025-07-07 00:12:06] autoreload.py:667:Watching for file changes with StatReloader
INFO:django.server:[2025-07-07 00:12:07] basehttp.py:213:"GET / HTTP/1.1" 302 0
INFO:django.server:[2025-07-07 00:12:07] basehttp.py:213:"GET /userprofiles/usersignin/ HTTP/1.1" 200 7393
ERROR:django.request:[2025-07-07 00:12:12] log.py:253:Internal Server Error: /userprofiles/usersignup/
Traceback (most recent call last):
  File "/Users/zhongyu/Desktop/Web_app/venvs/proj_portal/lib/python3.11/site-packages/django/template/base.py", line 510, in parse
    compile_func = self.tags[command]
                   ~~~~~~~~~^^^^^^^^^
KeyError: 'static'

During handling of the above exception, another exception occurred:

Traceback (most recent call last):
  File "/Users/zhongyu/Desktop/Web_app/venvs/proj_portal/lib/python3.11/site-packages/django/core/handlers/exception.py", line 55, in inner
    response = get_response(request)
               ^^^^^^^^^^^^^^^^^^^^^
  File "/Users/zhongyu/Desktop/Web_app/venvs/proj_portal/lib/python3.11/site-packages/django/core/handlers/base.py", line 220, in _get_response
    response = response.render()
               ^^^^^^^^^^^^^^^^^
  File "/Users/zhongyu/Desktop/Web_app/venvs/proj_portal/lib/python3.11/site-packages/django/template/response.py", line 114, in render
    self.content = self.rendered_content
                   ^^^^^^^^^^^^^^^^^^^^^
  File "/Users/zhongyu/Desktop/Web_app/venvs/proj_portal/lib/python3.11/site-packages/django/template/response.py", line 90, in rendered_content
    template = self.resolve_template(self.template_name)
               ^^^^^^^^^^^^^^^^^^^^^^^^^^^^^^^^^^^^^^^^^
  File "/Users/zhongyu/Desktop/Web_app/venvs/proj_portal/lib/python3.11/site-packages/django/template/response.py", line 72, in resolve_template
    return select_template(template, using=self.using)
           ^^^^^^^^^^^^^^^^^^^^^^^^^^^^^^^^^^^^^^^^^^^
  File "/Users/zhongyu/Desktop/Web_app/venvs/proj_portal/lib/python3.11/site-packages/django/template/loader.py", line 42, in select_template
    return engine.get_template(template_name)
           ^^^^^^^^^^^^^^^^^^^^^^^^^^^^^^^^^^
  File "/Users/zhongyu/Desktop/Web_app/venvs/proj_portal/lib/python3.11/site-packages/django/template/backends/django.py", line 79, in get_template
    return Template(self.engine.get_template(template_name), self)
                    ^^^^^^^^^^^^^^^^^^^^^^^^^^^^^^^^^^^^^^^
  File "/Users/zhongyu/Desktop/Web_app/venvs/proj_portal/lib/python3.11/site-packages/django/template/engine.py", line 177, in get_template
    template, origin = self.find_template(template_name)
                       ^^^^^^^^^^^^^^^^^^^^^^^^^^^^^^^^^
  File "/Users/zhongyu/Desktop/Web_app/venvs/proj_portal/lib/python3.11/site-packages/django/template/engine.py", line 159, in find_template
    template = loader.get_template(name, skip=skip)
               ^^^^^^^^^^^^^^^^^^^^^^^^^^^^^^^^^^^^
  File "/Users/zhongyu/Desktop/Web_app/venvs/proj_portal/lib/python3.11/site-packages/django/template/loaders/cached.py", line 57, in get_template
    template = super().get_template(template_name, skip)
               ^^^^^^^^^^^^^^^^^^^^^^^^^^^^^^^^^^^^^^^^^
  File "/Users/zhongyu/Desktop/Web_app/venvs/proj_portal/lib/python3.11/site-packages/django/template/loaders/base.py", line 28, in get_template
    return Template(
           ^^^^^^^^^
  File "/Users/zhongyu/Desktop/Web_app/venvs/proj_portal/lib/python3.11/site-packages/django/template/base.py", line 154, in __init__
    self.nodelist = self.compile_nodelist()
                    ^^^^^^^^^^^^^^^^^^^^^^^
  File "/Users/zhongyu/Desktop/Web_app/venvs/proj_portal/lib/python3.11/site-packages/django/template/base.py", line 196, in compile_nodelist
    nodelist = parser.parse()
               ^^^^^^^^^^^^^^
  File "/Users/zhongyu/Desktop/Web_app/venvs/proj_portal/lib/python3.11/site-packages/django/template/base.py", line 512, in parse
    self.invalid_block_tag(token, command, parse_until)
  File "/Users/zhongyu/Desktop/Web_app/venvs/proj_portal/lib/python3.11/site-packages/django/template/base.py", line 577, in invalid_block_tag
    raise self.error(
django.template.exceptions.TemplateSyntaxError: Invalid block tag on line 19: 'static'. Did you forget to register or load this tag?
ERROR:django.server:[2025-07-07 00:12:12] basehttp.py:213:"GET /userprofiles/usersignup/ HTTP/1.1" 500 158903
ERROR:django.request:[2025-07-07 00:12:15] log.py:253:Internal Server Error: /userprofiles/usersignup/
Traceback (most recent call last):
  File "/Users/zhongyu/Desktop/Web_app/venvs/proj_portal/lib/python3.11/site-packages/django/template/base.py", line 510, in parse
    compile_func = self.tags[command]
                   ~~~~~~~~~^^^^^^^^^
KeyError: 'static'

During handling of the above exception, another exception occurred:

Traceback (most recent call last):
  File "/Users/zhongyu/Desktop/Web_app/venvs/proj_portal/lib/python3.11/site-packages/django/core/handlers/exception.py", line 55, in inner
    response = get_response(request)
               ^^^^^^^^^^^^^^^^^^^^^
  File "/Users/zhongyu/Desktop/Web_app/venvs/proj_portal/lib/python3.11/site-packages/django/core/handlers/base.py", line 220, in _get_response
    response = response.render()
               ^^^^^^^^^^^^^^^^^
  File "/Users/zhongyu/Desktop/Web_app/venvs/proj_portal/lib/python3.11/site-packages/django/template/response.py", line 114, in render
    self.content = self.rendered_content
                   ^^^^^^^^^^^^^^^^^^^^^
  File "/Users/zhongyu/Desktop/Web_app/venvs/proj_portal/lib/python3.11/site-packages/django/template/response.py", line 90, in rendered_content
    template = self.resolve_template(self.template_name)
               ^^^^^^^^^^^^^^^^^^^^^^^^^^^^^^^^^^^^^^^^^
  File "/Users/zhongyu/Desktop/Web_app/venvs/proj_portal/lib/python3.11/site-packages/django/template/response.py", line 72, in resolve_template
    return select_template(template, using=self.using)
           ^^^^^^^^^^^^^^^^^^^^^^^^^^^^^^^^^^^^^^^^^^^
  File "/Users/zhongyu/Desktop/Web_app/venvs/proj_portal/lib/python3.11/site-packages/django/template/loader.py", line 42, in select_template
    return engine.get_template(template_name)
           ^^^^^^^^^^^^^^^^^^^^^^^^^^^^^^^^^^
  File "/Users/zhongyu/Desktop/Web_app/venvs/proj_portal/lib/python3.11/site-packages/django/template/backends/django.py", line 79, in get_template
    return Template(self.engine.get_template(template_name), self)
                    ^^^^^^^^^^^^^^^^^^^^^^^^^^^^^^^^^^^^^^^
  File "/Users/zhongyu/Desktop/Web_app/venvs/proj_portal/lib/python3.11/site-packages/django/template/engine.py", line 177, in get_template
    template, origin = self.find_template(template_name)
                       ^^^^^^^^^^^^^^^^^^^^^^^^^^^^^^^^^
  File "/Users/zhongyu/Desktop/Web_app/venvs/proj_portal/lib/python3.11/site-packages/django/template/engine.py", line 159, in find_template
    template = loader.get_template(name, skip=skip)
               ^^^^^^^^^^^^^^^^^^^^^^^^^^^^^^^^^^^^
  File "/Users/zhongyu/Desktop/Web_app/venvs/proj_portal/lib/python3.11/site-packages/django/template/loaders/cached.py", line 57, in get_template
    template = super().get_template(template_name, skip)
               ^^^^^^^^^^^^^^^^^^^^^^^^^^^^^^^^^^^^^^^^^
  File "/Users/zhongyu/Desktop/Web_app/venvs/proj_portal/lib/python3.11/site-packages/django/template/loaders/base.py", line 28, in get_template
    return Template(
           ^^^^^^^^^
  File "/Users/zhongyu/Desktop/Web_app/venvs/proj_portal/lib/python3.11/site-packages/django/template/base.py", line 154, in __init__
    self.nodelist = self.compile_nodelist()
                    ^^^^^^^^^^^^^^^^^^^^^^^
  File "/Users/zhongyu/Desktop/Web_app/venvs/proj_portal/lib/python3.11/site-packages/django/template/base.py", line 196, in compile_nodelist
    nodelist = parser.parse()
               ^^^^^^^^^^^^^^
  File "/Users/zhongyu/Desktop/Web_app/venvs/proj_portal/lib/python3.11/site-packages/django/template/base.py", line 512, in parse
    self.invalid_block_tag(token, command, parse_until)
  File "/Users/zhongyu/Desktop/Web_app/venvs/proj_portal/lib/python3.11/site-packages/django/template/base.py", line 577, in invalid_block_tag
    raise self.error(
django.template.exceptions.TemplateSyntaxError: Invalid block tag on line 19: 'static'. Did you forget to register or load this tag?
ERROR:django.server:[2025-07-07 00:12:15] basehttp.py:213:"GET /userprofiles/usersignup/ HTTP/1.1" 500 158903
WARNING:django.server:[2025-07-07 00:13:52] basehttp.py:213:"GET /userprofiles/ HTTP/1.1" 404 4238
INFO:django.server:[2025-07-07 00:14:13] basehttp.py:213:"GET /userprofiles/member/create/ HTTP/1.1" 200 82534
INFO:django.server:[2025-07-07 00:14:13] basehttp.py:213:"GET /static/vendors/leaflet.markercluster/MarkerCluster.Default.css HTTP/1.1" 200 1287
INFO:django.server:[2025-07-07 00:14:13] basehttp.py:213:"GET /static/vendors/leaflet.markercluster/MarkerCluster.css HTTP/1.1" 200 872
INFO:django.server:[2025-07-07 00:14:13] basehttp.py:213:"GET /static/vendors/choices/choices.min.css HTTP/1.1" 200 7666
INFO:django.server:[2025-07-07 00:14:13] basehttp.py:213:"GET /static/vendors/leaflet/leaflet.css HTTP/1.1" 200 14806
INFO:django.server:[2025-07-07 00:14:13] basehttp.py:213:"GET /static/vendors/flatpickr/flatpickr.min.css HTTP/1.1" 200 16166
INFO:django.server:[2025-07-07 00:14:13] basehttp.py:213:"GET /static/vendors/leaflet.tilelayer.colorfilter/leaflet-tilelayer-colorfilter.min.js HTTP/1.1" 200 1330
INFO:django.server:[2025-07-07 00:14:13] basehttp.py:213:"GET /static/vendors/leaflet.markercluster/leaflet.markercluster.js HTTP/1.1" 200 34136
INFO:django.server:[2025-07-07 00:14:13] basehttp.py:213:"GET /static/vendors/dhtmlx-gantt/dhtmlxgantt.css HTTP/1.1" 200 138940
INFO:django.server:[2025-07-07 00:14:13] basehttp.py:213:"GET /static/vendors/leaflet/leaflet.js HTTP/1.1" 200 147552
INFO:django.server:[2025-07-07 00:14:13] basehttp.py:213:"GET /static/assets/js/dashboards/ecommerce-dashboard.js HTTP/1.1" 200 71131
INFO:django.server:[2025-07-07 00:14:13] basehttp.py:213:"GET /static/vendors/flatpickr/flatpickr.min.js HTTP/1.1" 200 50679
INFO:django.server:[2025-07-07 00:14:13] basehttp.py:213:"GET /static/vendors/choices/choices.min.js HTTP/1.1" 200 89447
INFO:django.server:[2025-07-07 00:14:13] basehttp.py:213:"GET /static/assets/js/dashboards/projectmanagement-dashboard.js HTTP/1.1" 200 18360
INFO:django.server:[2025-07-07 00:14:13] basehttp.py:213:"GET /static/vendors/dhtmlx-gantt/dhtmlxgantt.js HTTP/1.1" 200 561812
INFO:django.server:[2025-07-07 00:14:13] basehttp.py:213:"GET /static/vendors/echarts/echarts.min.js HTTP/1.1" 200 1029203
WARNING:django.server:[2025-07-07 00:14:13] basehttp.py:213:"GET /userprofiles/member/create/assets/img/products/60x60/3.png HTTP/1.1" 404 4373
WARNING:django.server:[2025-07-07 00:14:13] basehttp.py:213:"GET /userprofiles/member/create/assets/img/team/40x40/30.webp HTTP/1.1" 404 4367
WARNING:django.server:[2025-07-07 00:14:13] basehttp.py:213:"GET /userprofiles/member/create/assets/img/team/40x40/avatar.webp HTTP/1.1" 404 4379
INFO:django.server:[2025-07-07 00:14:13] basehttp.py:213:"GET /static/assets/img/team/40x40/57.webp HTTP/1.1" 200 502
WARNING:django.server:[2025-07-07 00:14:13] basehttp.py:213:"GET /userprofiles/member/create/assets/img/team/40x40/59.webp HTTP/1.1" 404 4367
WARNING:django.server:[2025-07-07 00:14:13] basehttp.py:213:"GET /userprofiles/member/create/assets/img/team/40x40/58.webp HTTP/1.1" 404 4367
WARNING:django.server:[2025-07-07 00:14:13] basehttp.py:213:"GET /userprofiles/member/create/assets/img/nav-icons/behance.webp HTTP/1.1" 404 4379
WARNING:django.server:[2025-07-07 00:14:13] basehttp.py:213:"GET /userprofiles/member/create/assets/img/nav-icons/google-cloud.webp HTTP/1.1" 404 4394
WARNING:django.server:[2025-07-07 00:14:13] basehttp.py:213:"GET /userprofiles/member/create/assets/img/nav-icons/slack.webp HTTP/1.1" 404 4373
WARNING:django.server:[2025-07-07 00:14:13] basehttp.py:213:"GET /userprofiles/member/create/assets/img/nav-icons/gitlab.webp HTTP/1.1" 404 4376
WARNING:django.server:[2025-07-07 00:14:13] basehttp.py:213:"GET /userprofiles/member/create/assets/img/nav-icons/bitbucket.webp HTTP/1.1" 404 4385
WARNING:django.server:[2025-07-07 00:14:13] basehttp.py:213:"GET /userprofiles/member/create/assets/img/nav-icons/google-drive.webp HTTP/1.1" 404 4394
WARNING:django.server:[2025-07-07 00:14:13] basehttp.py:213:"GET /userprofiles/member/create/assets/img/nav-icons/trello.webp HTTP/1.1" 404 4376
WARNING:django.server:[2025-07-07 00:14:13] basehttp.py:213:"GET /userprofiles/member/create/assets/img/nav-icons/figma.webp HTTP/1.1" 404 4373
WARNING:django.server:[2025-07-07 00:14:13] basehttp.py:213:"GET /userprofiles/member/create/assets/img/nav-icons/twitter.webp HTTP/1.1" 404 4379
WARNING:django.server:[2025-07-07 00:14:13] basehttp.py:213:"GET /userprofiles/member/create/assets/img/nav-icons/pinterest.webp HTTP/1.1" 404 4385
WARNING:django.server:[2025-07-07 00:14:13] basehttp.py:213:"GET /userprofiles/member/create/assets/img/nav-icons/ln.webp HTTP/1.1" 404 4364
WARNING:django.server:[2025-07-07 00:14:13] basehttp.py:213:"GET /userprofiles/member/create/assets/img/nav-icons/google-maps.webp HTTP/1.1" 404 4391
WARNING:django.server:[2025-07-07 00:14:13] basehttp.py:213:"GET /userprofiles/member/create/assets/img/nav-icons/google-photos.webp HTTP/1.1" 404 4397
WARNING:django.server:[2025-07-07 00:14:13] basehttp.py:213:"GET /userprofiles/member/create/assets/img/nav-icons/spotify.webp HTTP/1.1" 404 4379
INFO:django.server:[2025-07-07 00:14:44] basehttp.py:213:"GET /userprofiles/userprofile_list/ HTTP/1.1" 200 84104
WARNING:django.server:[2025-07-07 00:14:44] basehttp.py:213:"GET /userprofiles/userprofile_list/assets/img/products/60x60/3.png HTTP/1.1" 404 4382
WARNING:django.server:[2025-07-07 00:14:44] basehttp.py:213:"GET /userprofiles/userprofile_list/assets/img/team/40x40/30.webp HTTP/1.1" 404 4376
WARNING:django.server:[2025-07-07 00:14:44] basehttp.py:213:"GET /userprofiles/userprofile_list/assets/img/team/40x40/avatar.webp HTTP/1.1" 404 4388
WARNING:django.server:[2025-07-07 00:14:44] basehttp.py:213:"GET /userprofiles/userprofile_list/assets/img/team/40x40/59.webp HTTP/1.1" 404 4376
WARNING:django.server:[2025-07-07 00:14:44] basehttp.py:213:"GET /userprofiles/userprofile_list/assets/img/team/40x40/58.webp HTTP/1.1" 404 4376
WARNING:django.server:[2025-07-07 00:14:44] basehttp.py:213:"GET /userprofiles/userprofile_list/assets/img/nav-icons/behance.webp HTTP/1.1" 404 4388
WARNING:django.server:[2025-07-07 00:14:44] basehttp.py:213:"GET /userprofiles/userprofile_list/assets/img/nav-icons/google-cloud.webp HTTP/1.1" 404 4403
WARNING:django.server:[2025-07-07 00:14:44] basehttp.py:213:"GET /userprofiles/userprofile_list/assets/img/nav-icons/slack.webp HTTP/1.1" 404 4382
WARNING:django.server:[2025-07-07 00:14:44] basehttp.py:213:"GET /userprofiles/userprofile_list/assets/img/nav-icons/gitlab.webp HTTP/1.1" 404 4385
WARNING:django.server:[2025-07-07 00:14:44] basehttp.py:213:"GET /userprofiles/userprofile_list/assets/img/nav-icons/bitbucket.webp HTTP/1.1" 404 4394
WARNING:django.server:[2025-07-07 00:14:44] basehttp.py:213:"GET /userprofiles/userprofile_list/assets/img/nav-icons/google-drive.webp HTTP/1.1" 404 4403
WARNING:django.server:[2025-07-07 00:14:44] basehttp.py:213:"GET /userprofiles/userprofile_list/assets/img/nav-icons/trello.webp HTTP/1.1" 404 4385
WARNING:django.server:[2025-07-07 00:14:44] basehttp.py:213:"GET /userprofiles/userprofile_list/assets/img/nav-icons/figma.webp HTTP/1.1" 404 4382
WARNING:django.server:[2025-07-07 00:14:44] basehttp.py:213:"GET /userprofiles/userprofile_list/assets/img/nav-icons/twitter.webp HTTP/1.1" 404 4388
WARNING:django.server:[2025-07-07 00:14:44] basehttp.py:213:"GET /userprofiles/userprofile_list/assets/img/nav-icons/pinterest.webp HTTP/1.1" 404 4394
WARNING:django.server:[2025-07-07 00:14:44] basehttp.py:213:"GET /userprofiles/userprofile_list/assets/img/nav-icons/ln.webp HTTP/1.1" 404 4373
WARNING:django.server:[2025-07-07 00:14:44] basehttp.py:213:"GET /userprofiles/userprofile_list/assets/img/nav-icons/google-maps.webp HTTP/1.1" 404 4400
WARNING:django.server:[2025-07-07 00:14:44] basehttp.py:213:"GET /userprofiles/userprofile_list/assets/img/nav-icons/google-photos.webp HTTP/1.1" 404 4406
WARNING:django.server:[2025-07-07 00:14:44] basehttp.py:213:"GET /userprofiles/userprofile_list/assets/img/nav-icons/spotify.webp HTTP/1.1" 404 4388
INFO:django.server:[2025-07-07 00:14:45] basehttp.py:213:"GET /userprofiles/member/create/ HTTP/1.1" 200 82534
WARNING:django.server:[2025-07-07 00:14:45] basehttp.py:213:"GET /userprofiles/member/create/assets/img/products/60x60/3.png HTTP/1.1" 404 4373
WARNING:django.server:[2025-07-07 00:14:45] basehttp.py:213:"GET /userprofiles/member/create/assets/img/team/40x40/30.webp HTTP/1.1" 404 4367
WARNING:django.server:[2025-07-07 00:14:45] basehttp.py:213:"GET /userprofiles/member/create/assets/img/team/40x40/avatar.webp HTTP/1.1" 404 4379
WARNING:django.server:[2025-07-07 00:14:45] basehttp.py:213:"GET /userprofiles/member/create/assets/img/team/40x40/59.webp HTTP/1.1" 404 4367
WARNING:django.server:[2025-07-07 00:14:45] basehttp.py:213:"GET /userprofiles/member/create/assets/img/team/40x40/58.webp HTTP/1.1" 404 4367
WARNING:django.server:[2025-07-07 00:14:45] basehttp.py:213:"GET /userprofiles/member/create/assets/img/nav-icons/behance.webp HTTP/1.1" 404 4379
WARNING:django.server:[2025-07-07 00:14:45] basehttp.py:213:"GET /userprofiles/member/create/assets/img/nav-icons/slack.webp HTTP/1.1" 404 4373
WARNING:django.server:[2025-07-07 00:14:45] basehttp.py:213:"GET /userprofiles/member/create/assets/img/nav-icons/google-cloud.webp HTTP/1.1" 404 4394
WARNING:django.server:[2025-07-07 00:14:45] basehttp.py:213:"GET /userprofiles/member/create/assets/img/nav-icons/gitlab.webp HTTP/1.1" 404 4376
WARNING:django.server:[2025-07-07 00:14:45] basehttp.py:213:"GET /userprofiles/member/create/assets/img/nav-icons/bitbucket.webp HTTP/1.1" 404 4385
WARNING:django.server:[2025-07-07 00:14:45] basehttp.py:213:"GET /userprofiles/member/create/assets/img/nav-icons/google-drive.webp HTTP/1.1" 404 4394
WARNING:django.server:[2025-07-07 00:14:45] basehttp.py:213:"GET /userprofiles/member/create/assets/img/nav-icons/trello.webp HTTP/1.1" 404 4376
WARNING:django.server:[2025-07-07 00:14:45] basehttp.py:213:"GET /userprofiles/member/create/assets/img/nav-icons/figma.webp HTTP/1.1" 404 4373
WARNING:django.server:[2025-07-07 00:14:45] basehttp.py:213:"GET /userprofiles/member/create/assets/img/nav-icons/twitter.webp HTTP/1.1" 404 4379
WARNING:django.server:[2025-07-07 00:14:45] basehttp.py:213:"GET /userprofiles/member/create/assets/img/nav-icons/pinterest.webp HTTP/1.1" 404 4385
WARNING:django.server:[2025-07-07 00:14:45] basehttp.py:213:"GET /userprofiles/member/create/assets/img/nav-icons/ln.webp HTTP/1.1" 404 4364
WARNING:django.server:[2025-07-07 00:14:45] basehttp.py:213:"GET /userprofiles/member/create/assets/img/nav-icons/google-maps.webp HTTP/1.1" 404 4391
WARNING:django.server:[2025-07-07 00:14:45] basehttp.py:213:"GET /userprofiles/member/create/assets/img/nav-icons/google-photos.webp HTTP/1.1" 404 4397
WARNING:django.server:[2025-07-07 00:14:45] basehttp.py:213:"GET /userprofiles/member/create/assets/img/nav-icons/spotify.webp HTTP/1.1" 404 4379
INFO:django.server:[2025-07-07 00:15:00] basehttp.py:213:"GET /userprofiles/usersignin/ HTTP/1.1" 200 7393
WARNING:django.server:[2025-07-07 00:15:01] basehttp.py:213:"GET /userprofiles/ HTTP/1.1" 404 4238
INFO:django.server:[2025-07-07 00:15:11] basehttp.py:213:"GET /admin/ HTTP/1.1" 302 0
INFO:django.server:[2025-07-07 00:15:11] basehttp.py:213:"GET /admin/login/?next=/admin/ HTTP/1.1" 200 3511
INFO:django.server:[2025-07-07 00:15:11] basehttp.py:213:"GET /static/admin/css/dark_mode.css HTTP/1.1" 200 2808
INFO:django.server:[2025-07-07 00:15:11] basehttp.py:213:"GET /static/admin/css/nav_sidebar.css HTTP/1.1" 200 2810
INFO:django.server:[2025-07-07 00:15:11] basehttp.py:213:"GET /static/admin/js/nav_sidebar.js HTTP/1.1" 200 3063
INFO:django.server:[2025-07-07 00:15:11] basehttp.py:213:"GET /static/admin/js/theme.js HTTP/1.1" 200 1653
INFO:django.server:[2025-07-07 00:15:11] basehttp.py:213:"GET /static/admin/css/base.css HTTP/1.1" 200 22120
INFO:django.server:[2025-07-07 00:15:11] basehttp.py:213:"GET /static/admin/css/login.css HTTP/1.1" 200 951
INFO:django.server:[2025-07-07 00:15:11] basehttp.py:213:"GET /static/admin/css/responsive.css HTTP/1.1" 200 16565
INFO:django.utils.autoreload:[2025-07-07 00:15:45] autoreload.py:667:Watching for file changes with StatReloader
INFO:django.server:[2025-07-07 00:15:47] basehttp.py:213:"GET / HTTP/1.1" 302 0
INFO:django.server:[2025-07-07 00:15:47] basehttp.py:213:"GET /userprofiles/usersignin/ HTTP/1.1" 200 7393
INFO:django.server:[2025-07-07 00:15:50] basehttp.py:213:"POST /userprofiles/usersignin/ HTTP/1.1" 200 7542
INFO:django.server:[2025-07-07 00:15:55] basehttp.py:213:"GET /admin/login/?next=/admin/ HTTP/1.1" 200 3511
INFO:django.server:[2025-07-07 00:15:56] basehttp.py:213:"GET /admin/login/?next=/admin/ HTTP/1.1" 200 3511
INFO:django.server:[2025-07-07 00:16:01] basehttp.py:213:"POST /admin/login/?next=/admin/ HTTP/1.1" 302 0
INFO:django.server:[2025-07-07 00:16:01] basehttp.py:213:"GET /admin/ HTTP/1.1" 200 6062
INFO:django.server:[2025-07-07 00:16:01] basehttp.py:213:"GET /static/admin/css/dashboard.css HTTP/1.1" 200 441
INFO:django.server:[2025-07-07 00:16:01] basehttp.py:213:"GET /static/admin/img/icon-addlink.svg HTTP/1.1" 200 331
INFO:django.server:[2025-07-07 00:16:01] basehttp.py:213:"GET /static/admin/img/icon-changelink.svg HTTP/1.1" 200 380
INFO:django.server:[2025-07-07 00:16:04] basehttp.py:213:"GET /admin/auth/user/add/ HTTP/1.1" 200 11971
INFO:django.server:[2025-07-07 00:16:04] basehttp.py:213:"GET /static/admin/css/forms.css HTTP/1.1" 200 8525
INFO:django.server:[2025-07-07 00:16:04] basehttp.py:213:"GET /static/admin/js/actions.js HTTP/1.1" 200 8076
INFO:django.server:[2025-07-07 00:16:04] basehttp.py:213:"GET /static/admin/js/admin/RelatedObjectLookups.js HTTP/1.1" 200 9777
INFO:django.server:[2025-07-07 00:16:04] basehttp.py:213:"GET /static/admin/js/jquery.init.js HTTP/1.1" 200 347
INFO:django.server:[2025-07-07 00:16:04] basehttp.py:213:"GET /static/admin/js/core.js HTTP/1.1" 200 6208
INFO:django.server:[2025-07-07 00:16:04] basehttp.py:213:"GET /static/admin/js/prepopulate.js HTTP/1.1" 200 1531
INFO:django.server:[2025-07-07 00:16:04] basehttp.py:213:"GET /static/admin/js/urlify.js HTTP/1.1" 200 7887
INFO:django.server:[2025-07-07 00:16:04] basehttp.py:213:"GET /static/admin/css/unusable_password_field.css HTTP/1.1" 200 663
INFO:django.server:[2025-07-07 00:16:04] basehttp.py:213:"GET /static/admin/js/change_form.js HTTP/1.1" 200 606
INFO:django.server:[2025-07-07 00:16:04] basehttp.py:213:"GET /static/admin/js/unusable_password_field.js HTTP/1.1" 200 1480
INFO:django.server:[2025-07-07 00:16:04] basehttp.py:213:"GET /static/admin/js/prepopulate_init.js HTTP/1.1" 200 586
INFO:django.server:[2025-07-07 00:16:04] basehttp.py:213:"GET /static/admin/css/widgets.css HTTP/1.1" 200 11991
INFO:django.server:[2025-07-07 00:16:04] basehttp.py:213:"GET /admin/jsi18n/ HTTP/1.1" 200 3342
INFO:django.server:[2025-07-07 00:16:04] basehttp.py:213:"GET /static/admin/js/vendor/jquery/jquery.js HTTP/1.1" 200 285314
INFO:django.server:[2025-07-07 00:16:04] basehttp.py:213:"GET /static/admin/js/vendor/xregexp/xregexp.js HTTP/1.1" 200 325171
INFO:django.server:[2025-07-07 00:16:19] basehttp.py:213:"POST /admin/auth/user/add/ HTTP/1.1" 200 12327
INFO:django.server:[2025-07-07 00:16:19] basehttp.py:213:"GET /admin/jsi18n/ HTTP/1.1" 200 3342
INFO:django.server:[2025-07-07 00:16:33] basehttp.py:213:"POST /admin/auth/user/add/ HTTP/1.1" 200 12220
INFO:django.server:[2025-07-07 00:16:33] basehttp.py:213:"GET /admin/jsi18n/ HTTP/1.1" 200 3342
INFO:django.server:[2025-07-07 00:16:46] basehttp.py:213:"POST /admin/auth/user/add/ HTTP/1.1" 200 12220
INFO:django.server:[2025-07-07 00:16:46] basehttp.py:213:"GET /static/admin/css/dark_mode.css HTTP/1.1" 304 0
INFO:django.server:[2025-07-07 00:16:46] basehttp.py:213:"GET /static/admin/js/theme.js HTTP/1.1" 304 0
INFO:django.server:[2025-07-07 00:16:46] basehttp.py:213:"GET /static/admin/css/responsive.css HTTP/1.1" 304 0
INFO:django.server:[2025-07-07 00:16:46] basehttp.py:213:"GET /static/admin/css/nav_sidebar.css HTTP/1.1" 304 0
INFO:django.server:[2025-07-07 00:16:46] basehttp.py:213:"GET /static/admin/js/nav_sidebar.js HTTP/1.1" 304 0
INFO:django.server:[2025-07-07 00:16:46] basehttp.py:213:"GET /static/admin/css/base.css HTTP/1.1" 304 0
INFO:django.server:[2025-07-07 00:16:46] basehttp.py:213:"GET /admin/jsi18n/ HTTP/1.1" 200 3342
INFO:django.server:[2025-07-07 00:17:07] basehttp.py:213:"POST /admin/auth/user/add/ HTTP/1.1" 302 0
INFO:django.server:[2025-07-07 00:17:07] basehttp.py:213:"GET /admin/auth/user/2/change/ HTTP/1.1" 200 23430
INFO:django.server:[2025-07-07 00:17:07] basehttp.py:213:"GET /static/admin/js/calendar.js HTTP/1.1" 200 9141
INFO:django.server:[2025-07-07 00:17:07] basehttp.py:213:"GET /static/admin/js/SelectBox.js HTTP/1.1" 200 4530
INFO:django.server:[2025-07-07 00:17:07] basehttp.py:213:"GET /static/admin/js/SelectFilter2.js HTTP/1.1" 200 15845
INFO:django.server:[2025-07-07 00:17:07] basehttp.py:213:"GET /static/admin/js/admin/DateTimeShortcuts.js HTTP/1.1" 200 19319
INFO:django.server:[2025-07-07 00:17:07] basehttp.py:213:"GET /admin/jsi18n/ HTTP/1.1" 200 3342
INFO:django.server:[2025-07-07 00:17:07] basehttp.py:213:"GET /static/admin/img/icon-yes.svg HTTP/1.1" 200 436
INFO:django.server:[2025-07-07 00:17:07] basehttp.py:213:"GET /static/admin/img/selector-icons.svg HTTP/1.1" 200 3291
INFO:django.server:[2025-07-07 00:17:07] basehttp.py:213:"GET /static/admin/img/search.svg HTTP/1.1" 200 458
INFO:django.server:[2025-07-07 00:17:07] basehttp.py:213:"GET /static/admin/img/icon-calendar.svg HTTP/1.1" 200 1086
INFO:django.server:[2025-07-07 00:17:07] basehttp.py:213:"GET /static/admin/img/icon-clock.svg HTTP/1.1" 200 677
INFO:django.server:[2025-07-07 00:17:12] basehttp.py:213:"POST /admin/logout/ HTTP/1.1" 200 78489
INFO:django.server:[2025-07-07 00:17:12] basehttp.py:213:"GET /admin/logout/assets/img/team/40x40/30.webp HTTP/1.1" 302 0
INFO:django.server:[2025-07-07 00:17:12] basehttp.py:213:"GET /admin/logout/assets/img/products/60x60/3.png HTTP/1.1" 302 0
INFO:django.server:[2025-07-07 00:17:12] basehttp.py:213:"GET /admin/login/?next=/admin/logout/assets/img/products/60x60/3.png HTTP/1.1" 200 3587
INFO:django.server:[2025-07-07 00:17:12] basehttp.py:213:"GET /admin/login/?next=/admin/logout/assets/img/team/40x40/30.webp HTTP/1.1" 200 3583
INFO:django.server:[2025-07-07 00:17:12] basehttp.py:213:"GET /admin/logout/assets/img/team/40x40/avatar.webp HTTP/1.1" 302 0
INFO:django.server:[2025-07-07 00:17:12] basehttp.py:213:"GET /admin/logout/assets/img/team/40x40/59.webp HTTP/1.1" 302 0
INFO:django.server:[2025-07-07 00:17:12] basehttp.py:213:"GET /admin/login/?next=/admin/logout/assets/img/team/40x40/avatar.webp HTTP/1.1" 200 3591
INFO:django.server:[2025-07-07 00:17:12] basehttp.py:213:"GET /admin/login/?next=/admin/logout/assets/img/team/40x40/59.webp HTTP/1.1" 200 3583
INFO:django.server:[2025-07-07 00:17:12] basehttp.py:213:"GET /admin/logout/assets/img/team/40x40/58.webp HTTP/1.1" 302 0
INFO:django.server:[2025-07-07 00:17:12] basehttp.py:213:"GET /admin/logout/assets/img/nav-icons/behance.webp HTTP/1.1" 302 0
INFO:django.server:[2025-07-07 00:17:12] basehttp.py:213:"GET /admin/login/?next=/admin/logout/assets/img/nav-icons/behance.webp HTTP/1.1" 200 3591
INFO:django.server:[2025-07-07 00:17:12] basehttp.py:213:"GET /admin/login/?next=/admin/logout/assets/img/team/40x40/58.webp HTTP/1.1" 200 3583
INFO:django.server:[2025-07-07 00:17:12] basehttp.py:213:"GET /admin/logout/assets/img/nav-icons/google-cloud.webp HTTP/1.1" 302 0
INFO:django.server:[2025-07-07 00:17:12] basehttp.py:213:"GET /admin/logout/assets/img/nav-icons/slack.webp HTTP/1.1" 302 0
INFO:django.server:[2025-07-07 00:17:12] basehttp.py:213:"GET /admin/logout/assets/img/nav-icons/gitlab.webp HTTP/1.1" 302 0
INFO:django.server:[2025-07-07 00:17:12] basehttp.py:213:"GET /admin/logout/assets/img/nav-icons/trello.webp HTTP/1.1" 302 0
INFO:django.server:[2025-07-07 00:17:12] basehttp.py:213:"GET /admin/logout/assets/img/nav-icons/bitbucket.webp HTTP/1.1" 302 0
INFO:django.server:[2025-07-07 00:17:12] basehttp.py:213:"GET /admin/logout/assets/img/nav-icons/google-drive.webp HTTP/1.1" 302 0
INFO:django.server:[2025-07-07 00:17:12] basehttp.py:213:"GET /admin/login/?next=/admin/logout/assets/img/nav-icons/google-cloud.webp HTTP/1.1" 200 3601
INFO:django.server:[2025-07-07 00:17:12] basehttp.py:213:"GET /admin/login/?next=/admin/logout/assets/img/nav-icons/slack.webp HTTP/1.1" 200 3587
INFO:django.server:[2025-07-07 00:17:12] basehttp.py:213:"GET /admin/logout/assets/img/nav-icons/figma.webp HTTP/1.1" 302 0
INFO:django.server:[2025-07-07 00:17:12] basehttp.py:213:"GET /admin/logout/assets/img/nav-icons/pinterest.webp HTTP/1.1" 302 0
INFO:django.server:[2025-07-07 00:17:12] basehttp.py:213:"GET /admin/logout/assets/img/nav-icons/twitter.webp HTTP/1.1" 302 0
INFO:django.server:[2025-07-07 00:17:12] basehttp.py:213:"GET /admin/logout/assets/img/nav-icons/ln.webp HTTP/1.1" 302 0
INFO:django.server:[2025-07-07 00:17:12] basehttp.py:213:"GET /admin/logout/assets/img/nav-icons/google-maps.webp HTTP/1.1" 302 0
INFO:django.server:[2025-07-07 00:17:12] basehttp.py:213:"GET /admin/logout/assets/img/nav-icons/spotify.webp HTTP/1.1" 302 0
INFO:django.server:[2025-07-07 00:17:12] basehttp.py:213:"GET /admin/logout/assets/img/nav-icons/google-photos.webp HTTP/1.1" 302 0
INFO:django.server:[2025-07-07 00:17:12] basehttp.py:213:"GET /admin/login/?next=/admin/logout/assets/img/nav-icons/gitlab.webp HTTP/1.1" 200 3589
INFO:django.server:[2025-07-07 00:17:12] basehttp.py:213:"GET /admin/login/?next=/admin/logout/assets/img/nav-icons/bitbucket.webp HTTP/1.1" 200 3595
INFO:django.server:[2025-07-07 00:17:12] basehttp.py:213:"GET /admin/login/?next=/admin/logout/assets/img/nav-icons/trello.webp HTTP/1.1" 200 3589
INFO:django.server:[2025-07-07 00:17:12] basehttp.py:213:"GET /admin/login/?next=/admin/logout/assets/img/nav-icons/google-drive.webp HTTP/1.1" 200 3601
INFO:django.server:[2025-07-07 00:17:12] basehttp.py:213:"GET /admin/login/?next=/admin/logout/assets/img/nav-icons/figma.webp HTTP/1.1" 200 3587
INFO:django.server:[2025-07-07 00:17:12] basehttp.py:213:"GET /admin/login/?next=/admin/logout/assets/img/nav-icons/twitter.webp HTTP/1.1" 200 3591
INFO:django.server:[2025-07-07 00:17:12] basehttp.py:213:"GET /admin/login/?next=/admin/logout/assets/img/nav-icons/pinterest.webp HTTP/1.1" 200 3595
INFO:django.server:[2025-07-07 00:17:12] basehttp.py:213:"GET /admin/login/?next=/admin/logout/assets/img/nav-icons/ln.webp HTTP/1.1" 200 3581
INFO:django.server:[2025-07-07 00:17:12] basehttp.py:213:"GET /admin/login/?next=/admin/logout/assets/img/nav-icons/google-maps.webp HTTP/1.1" 200 3599
INFO:django.server:[2025-07-07 00:17:12] basehttp.py:213:"GET /admin/login/?next=/admin/logout/assets/img/nav-icons/spotify.webp HTTP/1.1" 200 3591
INFO:django.server:[2025-07-07 00:17:12] basehttp.py:213:"GET /admin/login/?next=/admin/logout/assets/img/nav-icons/google-photos.webp HTTP/1.1" 200 3603
INFO:django.server:[2025-07-07 00:17:16] basehttp.py:213:"GET /admin/logout/ HTTP/1.1" 302 0
INFO:django.server:[2025-07-07 00:17:16] basehttp.py:213:"GET /admin/ HTTP/1.1" 302 0
INFO:django.server:[2025-07-07 00:17:16] basehttp.py:213:"GET /admin/login/?next=/admin/ HTTP/1.1" 200 3511
INFO:django.server:[2025-07-07 00:17:16] basehttp.py:213:"GET /static/admin/css/login.css HTTP/1.1" 304 0
INFO:django.server:[2025-07-07 00:17:18] basehttp.py:213:"GET / HTTP/1.1" 302 0
INFO:django.server:[2025-07-07 00:17:18] basehttp.py:213:"GET /userprofiles/usersignin/ HTTP/1.1" 200 7393
INFO:django.server:[2025-07-07 00:17:23] basehttp.py:213:"POST /userprofiles/usersignin/ HTTP/1.1" 302 0
INFO:django.server:[2025-07-07 00:17:23] basehttp.py:213:"GET /home/ HTTP/1.1" 200 184437
WARNING:django.server:[2025-07-07 00:17:23] basehttp.py:213:"GET /home/assets/img/team/40x40/30.webp HTTP/1.1" 404 3041
WARNING:django.server:[2025-07-07 00:17:23] basehttp.py:213:"GET /home/assets/img/products/60x60/3.png HTTP/1.1" 404 3047
WARNING:django.server:[2025-07-07 00:17:23] basehttp.py:213:"GET /home/assets/img/team/40x40/avatar.webp HTTP/1.1" 404 3053
WARNING:django.server:[2025-07-07 00:17:23] basehttp.py:213:"GET /home/assets/img/team/40x40/59.webp HTTP/1.1" 404 3041
WARNING:django.server:[2025-07-07 00:17:23] basehttp.py:213:"GET /home/assets/img/team/40x40/58.webp HTTP/1.1" 404 3041
WARNING:django.server:[2025-07-07 00:17:23] basehttp.py:213:"GET /home/assets/img/nav-icons/behance.webp HTTP/1.1" 404 3053
WARNING:django.server:[2025-07-07 00:17:23] basehttp.py:213:"GET /home/assets/img/nav-icons/google-cloud.webp HTTP/1.1" 404 3068
WARNING:django.server:[2025-07-07 00:17:23] basehttp.py:213:"GET /home/assets/img/nav-icons/slack.webp HTTP/1.1" 404 3047
WARNING:django.server:[2025-07-07 00:17:23] basehttp.py:213:"GET /home/assets/img/nav-icons/gitlab.webp HTTP/1.1" 404 3050
WARNING:django.server:[2025-07-07 00:17:23] basehttp.py:213:"GET /home/assets/img/nav-icons/bitbucket.webp HTTP/1.1" 404 3059
WARNING:django.server:[2025-07-07 00:17:23] basehttp.py:213:"GET /home/assets/img/nav-icons/google-drive.webp HTTP/1.1" 404 3068
WARNING:django.server:[2025-07-07 00:17:23] basehttp.py:213:"GET /home/assets/img/nav-icons/trello.webp HTTP/1.1" 404 3050
WARNING:django.server:[2025-07-07 00:17:23] basehttp.py:213:"GET /home/assets/img/nav-icons/figma.webp HTTP/1.1" 404 3047
WARNING:django.server:[2025-07-07 00:17:23] basehttp.py:213:"GET /home/assets/img/nav-icons/twitter.webp HTTP/1.1" 404 3053
WARNING:django.server:[2025-07-07 00:17:23] basehttp.py:213:"GET /home/assets/img/nav-icons/pinterest.webp HTTP/1.1" 404 3059
WARNING:django.server:[2025-07-07 00:17:23] basehttp.py:213:"GET /home/assets/img/nav-icons/ln.webp HTTP/1.1" 404 3038
WARNING:django.server:[2025-07-07 00:17:23] basehttp.py:213:"GET /home/assets/img/nav-icons/google-maps.webp HTTP/1.1" 404 3065
WARNING:django.server:[2025-07-07 00:17:23] basehttp.py:213:"GET /home/assets/img/nav-icons/google-photos.webp HTTP/1.1" 404 3071
WARNING:django.server:[2025-07-07 00:17:23] basehttp.py:213:"GET /home/assets/img/nav-icons/spotify.webp HTTP/1.1" 404 3053
WARNING:django.server:[2025-07-07 00:17:23] basehttp.py:213:"GET /assets/img/generic/40.png HTTP/1.1" 404 3014
WARNING:django.server:[2025-07-07 00:17:23] basehttp.py:213:"GET /home/assets/img/team/30.webp HTTP/1.1" 404 3023
WARNING:django.server:[2025-07-07 00:17:23] basehttp.py:213:"GET /home/assets/img/products/60x60/3.png HTTP/1.1" 404 3047
WARNING:django.server:[2025-07-07 00:17:23] basehttp.py:213:"GET /home/assets/img/team/40x40/30.webp HTTP/1.1" 404 3041
WARNING:django.server:[2025-07-07 00:17:23] basehttp.py:213:"GET /home/assets/img/team/40x40/avatar.webp HTTP/1.1" 404 3053
WARNING:django.server:[2025-07-07 00:17:23] basehttp.py:213:"GET /home/assets/img/team/40x40/59.webp HTTP/1.1" 404 3041
WARNING:django.server:[2025-07-07 00:17:23] basehttp.py:213:"GET /home/assets/img/nav-icons/behance.webp HTTP/1.1" 404 3053
WARNING:django.server:[2025-07-07 00:17:23] basehttp.py:213:"GET /home/assets/img/team/40x40/58.webp HTTP/1.1" 404 3041
WARNING:django.server:[2025-07-07 00:17:23] basehttp.py:213:"GET /home/assets/img/nav-icons/google-cloud.webp HTTP/1.1" 404 3068
WARNING:django.server:[2025-07-07 00:17:23] basehttp.py:213:"GET /home/assets/img/nav-icons/slack.webp HTTP/1.1" 404 3047
WARNING:django.server:[2025-07-07 00:17:23] basehttp.py:213:"GET /home/assets/img/nav-icons/gitlab.webp HTTP/1.1" 404 3050
WARNING:django.server:[2025-07-07 00:17:23] basehttp.py:213:"GET /home/assets/img/nav-icons/bitbucket.webp HTTP/1.1" 404 3059
WARNING:django.server:[2025-07-07 00:17:23] basehttp.py:213:"GET /assets/img/spot-illustrations/32.png HTTP/1.1" 404 3047
INFO:django.utils.autoreload:[2025-07-10 19:44:27] autoreload.py:677:Watching for file changes with StatReloader
INFO:django.server:[2025-07-10 19:44:46] basehttp.py:187:"GET / HTTP/1.1" 302 0
INFO:django.server:[2025-07-10 19:44:46] basehttp.py:187:"GET /userprofiles/usersignin/ HTTP/1.1" 200 7393
INFO:django.server:[2025-07-10 19:44:46] basehttp.py:187:"GET /static/vendors/simplebar/simplebar.min.css HTTP/1.1" 200 3269
INFO:django.server:[2025-07-10 19:44:46] basehttp.py:187:"GET /static/assets/css/user-rtl.min.css HTTP/1.1" 200 67
INFO:django.server:[2025-07-10 19:44:46] basehttp.py:187:"GET /static/assets/js/config.js HTTP/1.1" 200 3559
INFO:django.server:[2025-07-10 19:44:46] basehttp.py:187:"GET /static/vendors/simplebar/simplebar.min.js HTTP/1.1" 200 27057
INFO:django.server:[2025-07-10 19:44:46] basehttp.py:187:"GET /static/assets/css/user.min.css HTTP/1.1" 200 63
INFO:django.server:[2025-07-10 19:44:46] basehttp.py:187:"GET /static/vendors/popper/popper.min.js HTTP/1.1" 200 20122
INFO:django.server:[2025-07-10 19:44:46] basehttp.py:187:"GET /static/assets/css/theme.min.css HTTP/1.1" 200 1118625
INFO:django.server:[2025-07-10 19:44:46] basehttp.py:187:"GET /static/assets/css/theme-rtl.min.css HTTP/1.1" 200 1117816
INFO:django.server:[2025-07-10 19:44:46] basehttp.py:187:"GET /static/assets/img/logos/panda_logo.png HTTP/1.1" 200 1439418
INFO:django.server:[2025-07-10 19:44:46] basehttp.py:187:"GET /static/vendors/anchorjs/anchor.min.js HTTP/1.1" 200 5888
INFO:django.server:[2025-07-10 19:44:46] basehttp.py:187:"GET /static/vendors/bootstrap/bootstrap.min.js HTTP/1.1" 200 60635
INFO:django.server:[2025-07-10 19:44:46] basehttp.py:187:"GET /static/vendors/is/is.min.js HTTP/1.1" 200 13181
INFO:django.server:[2025-07-10 19:44:46] basehttp.py:187:"GET /static/vendors/lodash/lodash.min.js HTTP/1.1" 200 73015
INFO:django.server:[2025-07-10 19:44:46] basehttp.py:187:"GET /static/vendors/fontawesome/all.min.js HTTP/1.1" 200 1489225
INFO:django.server:[2025-07-10 19:44:46] basehttp.py:187:"GET /static/vendors/list.js/list.min.js HTTP/1.1" 200 19487
INFO:django.server:[2025-07-10 19:44:46] basehttp.py:187:"GET /static/vendors/dayjs/dayjs.min.js HTTP/1.1" 200 7160
INFO:django.server:[2025-07-10 19:44:46] basehttp.py:187:"GET /static/vendors/feather-icons/feather.min.js HTTP/1.1" 200 76047
INFO:django.server:[2025-07-10 19:44:46] basehttp.py:187:"GET /static/assets/js/phoenix.js HTTP/1.1" 200 134720
INFO:django.server:[2025-07-10 19:44:46] basehttp.py:187:"GET /static/assets/img/favicons/manifest.json HTTP/1.1" 200 403
INFO:django.server:[2025-07-10 19:44:46] basehttp.py:187:"GET /static/assets/img/favicons/favicon.ico HTTP/1.1" 200 15406
INFO:django.server:[2025-07-10 19:44:52] basehttp.py:187:"POST /userprofiles/usersignin/ HTTP/1.1" 200 7544
INFO:django.server:[2025-07-10 19:44:57] basehttp.py:187:"POST /userprofiles/usersignin/ HTTP/1.1" 200 7542
INFO:django.server:[2025-07-10 19:45:03] basehttp.py:187:"POST /userprofiles/usersignin/ HTTP/1.1" 200 7542
INFO:django.server:[2025-07-10 19:45:05] basehttp.py:187:"POST /userprofiles/usersignin/ HTTP/1.1" 200 7548
INFO:django.server:[2025-07-10 19:45:08] basehttp.py:187:"POST /userprofiles/usersignin/ HTTP/1.1" 200 7545
INFO:django.server:[2025-07-10 19:45:10] basehttp.py:187:"POST /userprofiles/usersignin/ HTTP/1.1" 200 7544
WARNING:django.server:[2025-07-10 19:45:32] basehttp.py:187:"GET /userprofiles/userprofiles/ HTTP/1.1" 404 3577
WARNING:django.server:[2025-07-10 19:45:32] basehttp.py:187:"GET /favicon.ico HTTP/1.1" 404 2659
WARNING:django.server:[2025-07-10 19:45:39] basehttp.py:187:"GET /userprofiles/admin/ HTTP/1.1" 404 3556
INFO:django.server:[2025-07-10 19:45:45] basehttp.py:187:"GET /admin/ HTTP/1.1" 302 0
INFO:django.server:[2025-07-10 19:45:45] basehttp.py:187:"GET /admin/login/?next=/admin/ HTTP/1.1" 200 2197
INFO:django.server:[2025-07-10 19:45:45] basehttp.py:187:"GET /static/admin/css/nav_sidebar.css HTTP/1.1" 200 2619
INFO:django.server:[2025-07-10 19:45:45] basehttp.py:187:"GET /static/admin/css/dark_mode.css HTTP/1.1" 200 796
INFO:django.server:[2025-07-10 19:45:45] basehttp.py:187:"GET /static/admin/css/login.css HTTP/1.1" 200 958
INFO:django.server:[2025-07-10 19:45:45] basehttp.py:187:"GET /static/admin/css/base.css HTTP/1.1" 200 20344
INFO:django.server:[2025-07-10 19:45:45] basehttp.py:187:"GET /static/admin/css/responsive.css HTTP/1.1" 200 18854
INFO:django.server:[2025-07-10 19:45:45] basehttp.py:187:"GET /static/admin/css/fonts.css HTTP/1.1" 200 423
INFO:django.server:[2025-07-10 19:45:45] basehttp.py:187:"GET /static/admin/js/nav_sidebar.js HTTP/1.1" 200 3763
INFO:django.server:[2025-07-10 19:45:45] basehttp.py:187:"GET /static/admin/fonts/Roboto-Light-webfont.woff HTTP/1.1" 200 85692
INFO:django.server:[2025-07-10 19:45:45] basehttp.py:187:"GET /static/admin/fonts/Roboto-Regular-webfont.woff HTTP/1.1" 200 85876
INFO:django.server:[2025-07-10 19:45:48] basehttp.py:187:"POST /admin/login/?next=/admin/ HTTP/1.1" 200 2360
INFO:django.server:[2025-07-10 19:45:48] basehttp.py:187:"GET /static/admin/fonts/Roboto-Bold-webfont.woff HTTP/1.1" 200 86184
INFO:django.server:[2025-07-10 19:45:51] basehttp.py:187:"POST /admin/login/?next=/admin/ HTTP/1.1" 302 0
INFO:django.server:[2025-07-10 19:45:51] basehttp.py:187:"GET /admin/ HTTP/1.1" 200 3864
INFO:django.server:[2025-07-10 19:45:51] basehttp.py:187:"GET /static/admin/css/dashboard.css HTTP/1.1" 200 380
INFO:django.server:[2025-07-10 19:45:51] basehttp.py:187:"GET /static/admin/img/icon-addlink.svg HTTP/1.1" 200 331
INFO:django.server:[2025-07-10 19:45:51] basehttp.py:187:"GET /static/admin/img/icon-changelink.svg HTTP/1.1" 200 380
INFO:django.server:[2025-07-10 19:45:55] basehttp.py:187:"GET / HTTP/1.1" 302 0
INFO:django.server:[2025-07-10 19:45:55] basehttp.py:187:"GET /userprofiles/usersignin/ HTTP/1.1" 200 7393
INFO:django.server:[2025-07-10 19:46:01] basehttp.py:187:"POST /userprofiles/usersignin/ HTTP/1.1" 302 0
INFO:django.server:[2025-07-10 19:46:01] basehttp.py:187:"GET /home/ HTTP/1.1" 200 184437
INFO:django.server:[2025-07-10 19:46:01] basehttp.py:187:"GET /static/vendors/choices/choices.min.css HTTP/1.1" 200 7666
INFO:django.server:[2025-07-10 19:46:01] basehttp.py:187:"GET /static/vendors/leaflet.markercluster/MarkerCluster.css HTTP/1.1" 200 872
WARNING:django.server:[2025-07-10 19:46:01] basehttp.py:187:"GET /home/assets/img/products/60x60/3.png HTTP/1.1" 404 2734
INFO:django.server:[2025-07-10 19:46:01] basehttp.py:187:"GET /static/vendors/leaflet.markercluster/MarkerCluster.Default.css HTTP/1.1" 200 1287
INFO:django.server:[2025-07-10 19:46:01] basehttp.py:187:"GET /static/vendors/flatpickr/flatpickr.min.css HTTP/1.1" 200 16166
WARNING:django.server:[2025-07-10 19:46:01] basehttp.py:187:"GET /home/assets/img/team/40x40/30.webp HTTP/1.1" 404 2728
INFO:django.server:[2025-07-10 19:46:01] basehttp.py:187:"GET /static/vendors/leaflet/leaflet.css HTTP/1.1" 200 14806
INFO:django.server:[2025-07-10 19:46:01] basehttp.py:187:"GET /static/vendors/dhtmlx-gantt/dhtmlxgantt.css HTTP/1.1" 200 138940
WARNING:django.server:[2025-07-10 19:46:01] basehttp.py:187:"GET /home/assets/img/team/40x40/avatar.webp HTTP/1.1" 404 2740
INFO:django.server:[2025-07-10 19:46:01] basehttp.py:187:"GET /static/vendors/leaflet.tilelayer.colorfilter/leaflet-tilelayer-colorfilter.min.js HTTP/1.1" 200 1330
INFO:django.server:[2025-07-10 19:46:01] basehttp.py:187:"GET /static/vendors/leaflet.markercluster/leaflet.markercluster.js HTTP/1.1" 200 34136
INFO:django.server:[2025-07-10 19:46:01] basehttp.py:187:"GET /static/assets/js/dashboards/ecommerce-dashboard.js HTTP/1.1" 200 71131
INFO:django.server:[2025-07-10 19:46:01] basehttp.py:187:"GET /static/assets/js/dashboards/projectmanagement-dashboard.js HTTP/1.1" 200 18360
INFO:django.server:[2025-07-10 19:46:01] basehttp.py:187:"GET /static/vendors/flatpickr/flatpickr.min.js HTTP/1.1" 200 50679
INFO:django.server:[2025-07-10 19:46:01] basehttp.py:187:"GET /static/assets/img/team/40x40/57.webp HTTP/1.1" 200 502
INFO:django.server:[2025-07-10 19:46:01] basehttp.py:187:"GET /static/vendors/choices/choices.min.js HTTP/1.1" 200 89447
INFO:django.server:[2025-07-10 19:46:01] basehttp.py:187:"GET /static/vendors/leaflet/leaflet.js HTTP/1.1" 200 147552
WARNING:django.server:[2025-07-10 19:46:01] basehttp.py:187:"GET /home/assets/img/team/40x40/59.webp HTTP/1.1" 404 2728
WARNING:django.server:[2025-07-10 19:46:01] basehttp.py:187:"GET /home/assets/img/team/40x40/58.webp HTTP/1.1" 404 2728
WARNING:django.server:[2025-07-10 19:46:01] basehttp.py:187:"GET /home/assets/img/nav-icons/behance.webp HTTP/1.1" 404 2740
WARNING:django.server:[2025-07-10 19:46:01] basehttp.py:187:"GET /home/assets/img/nav-icons/slack.webp HTTP/1.1" 404 2734
WARNING:django.server:[2025-07-10 19:46:01] basehttp.py:187:"GET /home/assets/img/nav-icons/google-cloud.webp HTTP/1.1" 404 2755
WARNING:django.server:[2025-07-10 19:46:01] basehttp.py:187:"GET /assets/img/spot-illustrations/32.png HTTP/1.1" 404 2734
WARNING:django.server:[2025-07-10 19:46:01] basehttp.py:187:"GET /home/assets/img/nav-icons/google-drive.webp HTTP/1.1" 404 2755
WARNING:django.server:[2025-07-10 19:46:01] basehttp.py:187:"GET /home/assets/img/nav-icons/bitbucket.webp HTTP/1.1" 404 2746
WARNING:django.server:[2025-07-10 19:46:01] basehttp.py:187:"GET /home/assets/img/nav-icons/figma.webp HTTP/1.1" 404 2734
WARNING:django.server:[2025-07-10 19:46:01] basehttp.py:187:"GET /home/assets/img/nav-icons/gitlab.webp HTTP/1.1" 404 2737
WARNING:django.server:[2025-07-10 19:46:01] basehttp.py:187:"GET /home/assets/img/nav-icons/trello.webp HTTP/1.1" 404 2737
WARNING:django.server:[2025-07-10 19:46:01] basehttp.py:187:"GET /home/assets/img/nav-icons/pinterest.webp HTTP/1.1" 404 2746
WARNING:django.server:[2025-07-10 19:46:01] basehttp.py:187:"GET /home/assets/img/nav-icons/ln.webp HTTP/1.1" 404 2725
WARNING:django.server:[2025-07-10 19:46:01] basehttp.py:187:"GET /home/assets/img/nav-icons/google-maps.webp HTTP/1.1" 404 2752
WARNING:django.server:[2025-07-10 19:46:01] basehttp.py:187:"GET /home/assets/img/nav-icons/google-photos.webp HTTP/1.1" 404 2758
WARNING:django.server:[2025-07-10 19:46:01] basehttp.py:187:"GET /home/assets/img/nav-icons/twitter.webp HTTP/1.1" 404 2740
WARNING:django.server:[2025-07-10 19:46:01] basehttp.py:187:"GET /home/assets/img/nav-icons/spotify.webp HTTP/1.1" 404 2740
INFO:django.server:[2025-07-10 19:46:01] basehttp.py:187:"GET /static/vendors/dhtmlx-gantt/dhtmlxgantt.js HTTP/1.1" 200 561812
WARNING:django.server:[2025-07-10 19:46:01] basehttp.py:187:"GET /home/assets/img/products/60x60/3.png HTTP/1.1" 404 2734
WARNING:django.server:[2025-07-10 19:46:01] basehttp.py:187:"GET /assets/img/generic/40.png HTTP/1.1" 404 2701
WARNING:django.server:[2025-07-10 19:46:01] basehttp.py:187:"GET /home/assets/img/team/30.webp HTTP/1.1" 404 2710
INFO:django.server:[2025-07-10 19:46:01] basehttp.py:187:"GET /static/vendors/echarts/echarts.min.js HTTP/1.1" 200 1029203
INFO:django.utils.autoreload:[2025-07-10 23:52:01] autoreload.py:266:/Users/zhongyu/Projects/Web_app/proj_portal/proj_management/project/models.py changed, reloading.
INFO:django.utils.autoreload:[2025-07-10 23:52:01] autoreload.py:677:Watching for file changes with StatReloader
INFO:django.utils.autoreload:[2025-07-10 23:52:09] autoreload.py:266:/Users/zhongyu/Projects/Web_app/proj_portal/proj_management/project/forms.py changed, reloading.
INFO:django.utils.autoreload:[2025-07-10 23:52:09] autoreload.py:677:Watching for file changes with StatReloader
INFO:django.utils.autoreload:[2025-07-10 23:52:30] autoreload.py:266:/Users/zhongyu/Projects/Web_app/proj_portal/proj_management/project/views.py changed, reloading.
INFO:django.utils.autoreload:[2025-07-10 23:52:30] autoreload.py:677:Watching for file changes with StatReloader
INFO:django.utils.autoreload:[2025-07-10 23:55:19] autoreload.py:266:/Users/zhongyu/Projects/Web_app/proj_portal/proj_management/project/views.py changed, reloading.
INFO:django.utils.autoreload:[2025-07-10 23:55:19] autoreload.py:677:Watching for file changes with StatReloader
INFO:django.server:[2025-07-10 23:56:31] basehttp.py:187:"GET /projects/project/project_list/ HTTP/1.1" 200 105530
WARNING:django.server:[2025-07-10 23:56:31] basehttp.py:187:"GET /projects/project/project_list/assets/img/products/60x60/3.png HTTP/1.1" 404 4692
WARNING:django.server:[2025-07-10 23:56:31] basehttp.py:187:"GET /projects/project/project_list/assets/img/team/40x40/30.webp HTTP/1.1" 404 4686
WARNING:django.server:[2025-07-10 23:56:31] basehttp.py:187:"GET /projects/project/project_list/assets/img/team/40x40/avatar.webp HTTP/1.1" 404 4698
WARNING:django.server:[2025-07-10 23:56:31] basehttp.py:187:"GET /projects/project/project_list/assets/img/team/40x40/59.webp HTTP/1.1" 404 4686
WARNING:django.server:[2025-07-10 23:56:31] basehttp.py:187:"GET /projects/project/project_list/assets/img/nav-icons/behance.webp HTTP/1.1" 404 4698
WARNING:django.server:[2025-07-10 23:56:31] basehttp.py:187:"GET /projects/project/project_list/assets/img/team/40x40/58.webp HTTP/1.1" 404 4686
WARNING:django.server:[2025-07-10 23:56:31] basehttp.py:187:"GET /projects/project/project_list/assets/img/nav-icons/google-cloud.webp HTTP/1.1" 404 4713
WARNING:django.server:[2025-07-10 23:56:31] basehttp.py:187:"GET /projects/project/project_list/assets/img/nav-icons/slack.webp HTTP/1.1" 404 4692
WARNING:django.server:[2025-07-10 23:56:31] basehttp.py:187:"GET /projects/project/project_list/assets/img/nav-icons/trello.webp HTTP/1.1" 404 4695
WARNING:django.server:[2025-07-10 23:56:31] basehttp.py:187:"GET /projects/project/project_list/assets/img/nav-icons/gitlab.webp HTTP/1.1" 404 4695
WARNING:django.server:[2025-07-10 23:56:31] basehttp.py:187:"GET /projects/project/project_list/assets/img/nav-icons/twitter.webp HTTP/1.1" 404 4698
WARNING:django.server:[2025-07-10 23:56:31] basehttp.py:187:"GET /projects/project/project_list/assets/img/nav-icons/google-drive.webp HTTP/1.1" 404 4713
WARNING:django.server:[2025-07-10 23:56:31] basehttp.py:187:"GET /projects/project/project_list/assets/img/nav-icons/bitbucket.webp HTTP/1.1" 404 4704
WARNING:django.server:[2025-07-10 23:56:31] basehttp.py:187:"GET /projects/project/project_list/assets/img/nav-icons/pinterest.webp HTTP/1.1" 404 4704
WARNING:django.server:[2025-07-10 23:56:31] basehttp.py:187:"GET /projects/project/project_list/assets/img/nav-icons/figma.webp HTTP/1.1" 404 4692
WARNING:django.server:[2025-07-10 23:56:31] basehttp.py:187:"GET /projects/project/project_list/assets/img/nav-icons/ln.webp HTTP/1.1" 404 4683
WARNING:django.server:[2025-07-10 23:56:31] basehttp.py:187:"GET /projects/project/project_list/assets/img/nav-icons/google-maps.webp HTTP/1.1" 404 4710
WARNING:django.server:[2025-07-10 23:56:31] basehttp.py:187:"GET /projects/project/project_list/assets/img/nav-icons/google-photos.webp HTTP/1.1" 404 4716
WARNING:django.server:[2025-07-10 23:56:31] basehttp.py:187:"GET /projects/project/project_list/assets/img/nav-icons/spotify.webp HTTP/1.1" 404 4698
WARNING:django.server:[2025-07-10 23:56:31] basehttp.py:187:"GET /projects/assets/img/team/40x40/10.webp HTTP/1.1" 404 4623
WARNING:django.server:[2025-07-10 23:56:31] basehttp.py:187:"GET /projects/assets/img/products/60x60/3.png HTTP/1.1" 404 4629
WARNING:django.server:[2025-07-10 23:56:31] basehttp.py:187:"GET /projects/project/project_list/assets/img/products/60x60/3.png HTTP/1.1" 404 4692
WARNING:django.server:[2025-07-10 23:56:31] basehttp.py:187:"GET /projects/assets/img/team/40x40/12.webp HTTP/1.1" 404 4623
INFO:django.server:[2025-07-10 23:57:19] basehttp.py:187:"GET /projects/project/project_list/ HTTP/1.1" 200 106460
WARNING:django.server:[2025-07-10 23:57:19] basehttp.py:187:"GET /projects/project/project_list/assets/img/products/60x60/3.png HTTP/1.1" 404 4692
WARNING:django.server:[2025-07-10 23:57:19] basehttp.py:187:"GET /projects/project/project_list/assets/img/team/40x40/30.webp HTTP/1.1" 404 4686
WARNING:django.server:[2025-07-10 23:57:19] basehttp.py:187:"GET /projects/project/project_list/assets/img/team/40x40/avatar.webp HTTP/1.1" 404 4698
WARNING:django.server:[2025-07-10 23:57:19] basehttp.py:187:"GET /projects/project/project_list/assets/img/team/40x40/58.webp HTTP/1.1" 404 4686
WARNING:django.server:[2025-07-10 23:57:19] basehttp.py:187:"GET /projects/project/project_list/assets/img/nav-icons/google-cloud.webp HTTP/1.1" 404 4713
WARNING:django.server:[2025-07-10 23:57:19] basehttp.py:187:"GET /projects/project/project_list/assets/img/nav-icons/behance.webp HTTP/1.1" 404 4698
WARNING:django.server:[2025-07-10 23:57:19] basehttp.py:187:"GET /projects/project/project_list/assets/img/nav-icons/slack.webp HTTP/1.1" 404 4692
WARNING:django.server:[2025-07-10 23:57:19] basehttp.py:187:"GET /projects/project/project_list/assets/img/team/40x40/59.webp HTTP/1.1" 404 4686
WARNING:django.server:[2025-07-10 23:57:19] basehttp.py:187:"GET /projects/project/project_list/assets/img/nav-icons/bitbucket.webp HTTP/1.1" 404 4704
WARNING:django.server:[2025-07-10 23:57:19] basehttp.py:187:"GET /projects/project/project_list/assets/img/nav-icons/gitlab.webp HTTP/1.1" 404 4695
WARNING:django.server:[2025-07-10 23:57:19] basehttp.py:187:"GET /projects/project/project_list/assets/img/nav-icons/trello.webp HTTP/1.1" 404 4695
WARNING:django.server:[2025-07-10 23:57:19] basehttp.py:187:"GET /projects/project/project_list/assets/img/nav-icons/twitter.webp HTTP/1.1" 404 4698
WARNING:django.server:[2025-07-10 23:57:19] basehttp.py:187:"GET /projects/project/project_list/assets/img/nav-icons/google-drive.webp HTTP/1.1" 404 4713
WARNING:django.server:[2025-07-10 23:57:19] basehttp.py:187:"GET /projects/project/project_list/assets/img/nav-icons/figma.webp HTTP/1.1" 404 4692
WARNING:django.server:[2025-07-10 23:57:19] basehttp.py:187:"GET /projects/project/project_list/assets/img/nav-icons/pinterest.webp HTTP/1.1" 404 4704
WARNING:django.server:[2025-07-10 23:57:19] basehttp.py:187:"GET /projects/project/project_list/assets/img/nav-icons/ln.webp HTTP/1.1" 404 4683
WARNING:django.server:[2025-07-10 23:57:19] basehttp.py:187:"GET /projects/project/project_list/assets/img/nav-icons/google-maps.webp HTTP/1.1" 404 4710
WARNING:django.server:[2025-07-10 23:57:19] basehttp.py:187:"GET /projects/assets/img/products/60x60/3.png HTTP/1.1" 404 4629
WARNING:django.server:[2025-07-10 23:57:19] basehttp.py:187:"GET /projects/assets/img/team/40x40/10.webp HTTP/1.1" 404 4623
WARNING:django.server:[2025-07-10 23:57:19] basehttp.py:187:"GET /projects/project/project_list/assets/img/nav-icons/google-photos.webp HTTP/1.1" 404 4716
WARNING:django.server:[2025-07-10 23:57:19] basehttp.py:187:"GET /projects/project/project_list/assets/img/nav-icons/spotify.webp HTTP/1.1" 404 4698
WARNING:django.server:[2025-07-10 23:57:19] basehttp.py:187:"GET /projects/assets/img/team/40x40/12.webp HTTP/1.1" 404 4623
ERROR:django.request:[2025-07-10 23:57:22] log.py:241:Internal Server Error: /projects/task/create/
Traceback (most recent call last):
  File "/Users/zhongyu/Projects/Web_app/proj_portal/proj/lib/python3.11/site-packages/django/core/handlers/exception.py", line 56, in inner
    response = get_response(request)
               ^^^^^^^^^^^^^^^^^^^^^
  File "/Users/zhongyu/Projects/Web_app/proj_portal/proj/lib/python3.11/site-packages/django/core/handlers/base.py", line 197, in _get_response
    response = wrapped_callback(request, *callback_args, **callback_kwargs)
               ^^^^^^^^^^^^^^^^^^^^^^^^^^^^^^^^^^^^^^^^^^^^^^^^^^^^^^^^^^^^
  File "/Users/zhongyu/Projects/Web_app/proj_portal/proj/lib/python3.11/site-packages/django/views/generic/base.py", line 103, in view
    return self.dispatch(request, *args, **kwargs)
           ^^^^^^^^^^^^^^^^^^^^^^^^^^^^^^^^^^^^^^^
  File "/Users/zhongyu/Projects/Web_app/proj_portal/proj_management/project/views.py", line 60, in dispatch
    self.project = get_object_or_404(Project, pk=kwargs['project_id'])
                                                 ~~~~~~^^^^^^^^^^^^^^
KeyError: 'project_id'
ERROR:django.server:[2025-07-10 23:57:22] basehttp.py:187:"GET /projects/task/create/ HTTP/1.1" 500 71239
INFO:django.server:[2025-07-10 23:57:27] basehttp.py:187:"GET /projects/task/list/ HTTP/1.1" 200 87163
WARNING:django.server:[2025-07-10 23:57:27] basehttp.py:187:"GET /projects/task/list/assets/img/products/60x60/3.png HTTP/1.1" 404 4659
WARNING:django.server:[2025-07-10 23:57:27] basehttp.py:187:"GET /projects/task/list/assets/img/team/40x40/30.webp HTTP/1.1" 404 4653
WARNING:django.server:[2025-07-10 23:57:27] basehttp.py:187:"GET /projects/task/list/assets/img/team/40x40/avatar.webp HTTP/1.1" 404 4665
WARNING:django.server:[2025-07-10 23:57:27] basehttp.py:187:"GET /projects/task/list/assets/img/team/40x40/59.webp HTTP/1.1" 404 4653
WARNING:django.server:[2025-07-10 23:57:27] basehttp.py:187:"GET /projects/task/list/assets/img/nav-icons/slack.webp HTTP/1.1" 404 4659
WARNING:django.server:[2025-07-10 23:57:27] basehttp.py:187:"GET /projects/task/list/assets/img/nav-icons/behance.webp HTTP/1.1" 404 4665
WARNING:django.server:[2025-07-10 23:57:27] basehttp.py:187:"GET /projects/task/list/assets/img/nav-icons/google-cloud.webp HTTP/1.1" 404 4680
WARNING:django.server:[2025-07-10 23:57:27] basehttp.py:187:"GET /projects/task/list/assets/img/nav-icons/gitlab.webp HTTP/1.1" 404 4662
WARNING:django.server:[2025-07-10 23:57:27] basehttp.py:187:"GET /projects/task/list/assets/img/team/40x40/58.webp HTTP/1.1" 404 4653
WARNING:django.server:[2025-07-10 23:57:27] basehttp.py:187:"GET /projects/task/list/assets/img/nav-icons/google-drive.webp HTTP/1.1" 404 4680
WARNING:django.server:[2025-07-10 23:57:27] basehttp.py:187:"GET /projects/task/list/assets/img/nav-icons/bitbucket.webp HTTP/1.1" 404 4671
WARNING:django.server:[2025-07-10 23:57:27] basehttp.py:187:"GET /projects/task/list/assets/img/nav-icons/trello.webp HTTP/1.1" 404 4662
WARNING:django.server:[2025-07-10 23:57:27] basehttp.py:187:"GET /projects/task/list/assets/img/nav-icons/figma.webp HTTP/1.1" 404 4659
WARNING:django.server:[2025-07-10 23:57:27] basehttp.py:187:"GET /projects/task/list/assets/img/nav-icons/pinterest.webp HTTP/1.1" 404 4671
WARNING:django.server:[2025-07-10 23:57:27] basehttp.py:187:"GET /projects/task/list/assets/img/nav-icons/twitter.webp HTTP/1.1" 404 4665
WARNING:django.server:[2025-07-10 23:57:27] basehttp.py:187:"GET /projects/task/list/assets/img/nav-icons/google-photos.webp HTTP/1.1" 404 4683
WARNING:django.server:[2025-07-10 23:57:27] basehttp.py:187:"GET /projects/task/list/assets/img/nav-icons/google-maps.webp HTTP/1.1" 404 4677
WARNING:django.server:[2025-07-10 23:57:27] basehttp.py:187:"GET /projects/task/list/assets/img/nav-icons/ln.webp HTTP/1.1" 404 4650
WARNING:django.server:[2025-07-10 23:57:27] basehttp.py:187:"GET /projects/task/list/assets/img/nav-icons/spotify.webp HTTP/1.1" 404 4665
WARNING:django.server:[2025-07-10 23:57:27] basehttp.py:187:"GET /projects/task/list/assets/img/products/60x60/3.png HTTP/1.1" 404 4659
ERROR:django.request:[2025-07-10 23:57:29] log.py:241:Internal Server Error: /projects/task/create/
Traceback (most recent call last):
  File "/Users/zhongyu/Projects/Web_app/proj_portal/proj/lib/python3.11/site-packages/django/core/handlers/exception.py", line 56, in inner
    response = get_response(request)
               ^^^^^^^^^^^^^^^^^^^^^
  File "/Users/zhongyu/Projects/Web_app/proj_portal/proj/lib/python3.11/site-packages/django/core/handlers/base.py", line 197, in _get_response
    response = wrapped_callback(request, *callback_args, **callback_kwargs)
               ^^^^^^^^^^^^^^^^^^^^^^^^^^^^^^^^^^^^^^^^^^^^^^^^^^^^^^^^^^^^
  File "/Users/zhongyu/Projects/Web_app/proj_portal/proj/lib/python3.11/site-packages/django/views/generic/base.py", line 103, in view
    return self.dispatch(request, *args, **kwargs)
           ^^^^^^^^^^^^^^^^^^^^^^^^^^^^^^^^^^^^^^^
  File "/Users/zhongyu/Projects/Web_app/proj_portal/proj_management/project/views.py", line 60, in dispatch
    self.project = get_object_or_404(Project, pk=kwargs['project_id'])
                                                 ~~~~~~^^^^^^^^^^^^^^
KeyError: 'project_id'
ERROR:django.server:[2025-07-10 23:57:29] basehttp.py:187:"GET /projects/task/create/ HTTP/1.1" 500 71007
INFO:django.server:[2025-07-11 00:00:57] basehttp.py:187:"GET /projects/project/project_list/ HTTP/1.1" 200 106460
WARNING:django.server:[2025-07-11 00:00:57] basehttp.py:187:"GET /projects/project/project_list/assets/img/products/60x60/3.png HTTP/1.1" 404 4692
WARNING:django.server:[2025-07-11 00:00:57] basehttp.py:187:"GET /projects/project/project_list/assets/img/team/40x40/30.webp HTTP/1.1" 404 4686
WARNING:django.server:[2025-07-11 00:00:57] basehttp.py:187:"GET /projects/project/project_list/assets/img/team/40x40/avatar.webp HTTP/1.1" 404 4698
WARNING:django.server:[2025-07-11 00:00:57] basehttp.py:187:"GET /projects/project/project_list/assets/img/nav-icons/google-cloud.webp HTTP/1.1" 404 4713
WARNING:django.server:[2025-07-11 00:00:57] basehttp.py:187:"GET /projects/project/project_list/assets/img/team/40x40/59.webp HTTP/1.1" 404 4686
WARNING:django.server:[2025-07-11 00:00:57] basehttp.py:187:"GET /projects/project/project_list/assets/img/nav-icons/slack.webp HTTP/1.1" 404 4692
WARNING:django.server:[2025-07-11 00:00:57] basehttp.py:187:"GET /projects/project/project_list/assets/img/nav-icons/behance.webp HTTP/1.1" 404 4698
WARNING:django.server:[2025-07-11 00:00:57] basehttp.py:187:"GET /projects/project/project_list/assets/img/team/40x40/58.webp HTTP/1.1" 404 4686
WARNING:django.server:[2025-07-11 00:00:57] basehttp.py:187:"GET /projects/project/project_list/assets/img/nav-icons/gitlab.webp HTTP/1.1" 404 4695
WARNING:django.server:[2025-07-11 00:00:57] basehttp.py:187:"GET /projects/project/project_list/assets/img/nav-icons/bitbucket.webp HTTP/1.1" 404 4704
WARNING:django.server:[2025-07-11 00:00:57] basehttp.py:187:"GET /projects/project/project_list/assets/img/nav-icons/google-drive.webp HTTP/1.1" 404 4713
WARNING:django.server:[2025-07-11 00:00:57] basehttp.py:187:"GET /projects/project/project_list/assets/img/nav-icons/twitter.webp HTTP/1.1" 404 4698
WARNING:django.server:[2025-07-11 00:00:57] basehttp.py:187:"GET /projects/project/project_list/assets/img/nav-icons/figma.webp HTTP/1.1" 404 4692
WARNING:django.server:[2025-07-11 00:00:57] basehttp.py:187:"GET /projects/project/project_list/assets/img/nav-icons/pinterest.webp HTTP/1.1" 404 4704
WARNING:django.server:[2025-07-11 00:00:57] basehttp.py:187:"GET /projects/project/project_list/assets/img/nav-icons/trello.webp HTTP/1.1" 404 4695
WARNING:django.server:[2025-07-11 00:00:57] basehttp.py:187:"GET /projects/project/project_list/assets/img/nav-icons/google-photos.webp HTTP/1.1" 404 4716
WARNING:django.server:[2025-07-11 00:00:57] basehttp.py:187:"GET /projects/project/project_list/assets/img/nav-icons/ln.webp HTTP/1.1" 404 4683
WARNING:django.server:[2025-07-11 00:00:57] basehttp.py:187:"GET /projects/project/project_list/assets/img/nav-icons/google-maps.webp HTTP/1.1" 404 4710
WARNING:django.server:[2025-07-11 00:00:57] basehttp.py:187:"GET /projects/assets/img/team/40x40/10.webp HTTP/1.1" 404 4623
WARNING:django.server:[2025-07-11 00:00:57] basehttp.py:187:"GET /projects/assets/img/products/60x60/3.png HTTP/1.1" 404 4629
WARNING:django.server:[2025-07-11 00:00:57] basehttp.py:187:"GET /projects/project/project_list/assets/img/nav-icons/spotify.webp HTTP/1.1" 404 4698
WARNING:django.server:[2025-07-11 00:00:57] basehttp.py:187:"GET /projects/assets/img/team/40x40/12.webp HTTP/1.1" 404 4623
WARNING:django.server:[2025-07-11 00:00:57] basehttp.py:187:"GET /projects/project/project_list/assets/img/products/60x60/3.png HTTP/1.1" 404 4692
INFO:django.server:[2025-07-11 00:01:01] basehttp.py:187:"GET /projects/project/create/ HTTP/1.1" 200 85076
WARNING:django.server:[2025-07-11 00:01:01] basehttp.py:187:"GET /projects/project/create/assets/img/products/60x60/3.png HTTP/1.1" 404 4674
WARNING:django.server:[2025-07-11 00:01:01] basehttp.py:187:"GET /projects/project/create/assets/img/team/40x40/30.webp HTTP/1.1" 404 4668
WARNING:django.server:[2025-07-11 00:01:01] basehttp.py:187:"GET /projects/project/create/assets/img/team/40x40/avatar.webp HTTP/1.1" 404 4680
WARNING:django.server:[2025-07-11 00:01:01] basehttp.py:187:"GET /projects/project/create/assets/img/team/40x40/58.webp HTTP/1.1" 404 4668
WARNING:django.server:[2025-07-11 00:01:01] basehttp.py:187:"GET /projects/project/create/assets/img/nav-icons/google-cloud.webp HTTP/1.1" 404 4695
WARNING:django.server:[2025-07-11 00:01:01] basehttp.py:187:"GET /projects/project/create/assets/img/team/40x40/59.webp HTTP/1.1" 404 4668
WARNING:django.server:[2025-07-11 00:01:01] basehttp.py:187:"GET /projects/project/create/assets/img/nav-icons/slack.webp HTTP/1.1" 404 4674
WARNING:django.server:[2025-07-11 00:01:01] basehttp.py:187:"GET /projects/project/create/assets/img/nav-icons/gitlab.webp HTTP/1.1" 404 4677
WARNING:django.server:[2025-07-11 00:01:01] basehttp.py:187:"GET /projects/project/create/assets/img/nav-icons/behance.webp HTTP/1.1" 404 4680
WARNING:django.server:[2025-07-11 00:01:01] basehttp.py:187:"GET /projects/project/create/assets/img/nav-icons/figma.webp HTTP/1.1" 404 4674
WARNING:django.server:[2025-07-11 00:01:01] basehttp.py:187:"GET /projects/project/create/assets/img/nav-icons/trello.webp HTTP/1.1" 404 4677
WARNING:django.server:[2025-07-11 00:01:01] basehttp.py:187:"GET /projects/project/create/assets/img/nav-icons/bitbucket.webp HTTP/1.1" 404 4686
WARNING:django.server:[2025-07-11 00:01:01] basehttp.py:187:"GET /projects/project/create/assets/img/nav-icons/pinterest.webp HTTP/1.1" 404 4686
WARNING:django.server:[2025-07-11 00:01:01] basehttp.py:187:"GET /projects/project/create/assets/img/nav-icons/google-drive.webp HTTP/1.1" 404 4695
WARNING:django.server:[2025-07-11 00:01:01] basehttp.py:187:"GET /projects/project/create/assets/img/nav-icons/twitter.webp HTTP/1.1" 404 4680
WARNING:django.server:[2025-07-11 00:01:01] basehttp.py:187:"GET /projects/project/create/assets/img/nav-icons/ln.webp HTTP/1.1" 404 4665
WARNING:django.server:[2025-07-11 00:01:01] basehttp.py:187:"GET /projects/project/create/assets/img/nav-icons/google-maps.webp HTTP/1.1" 404 4692
WARNING:django.server:[2025-07-11 00:01:01] basehttp.py:187:"GET /projects/project/create/assets/img/nav-icons/spotify.webp HTTP/1.1" 404 4680
WARNING:django.server:[2025-07-11 00:01:01] basehttp.py:187:"GET /projects/project/create/assets/img/nav-icons/google-photos.webp HTTP/1.1" 404 4698
WARNING:django.server:[2025-07-11 00:01:01] basehttp.py:187:"GET /projects/project/create/assets/img/products/60x60/3.png HTTP/1.1" 404 4674
INFO:django.server:[2025-07-11 00:01:24] basehttp.py:187:"POST /projects/project/create/ HTTP/1.1" 302 0
INFO:django.server:[2025-07-11 00:01:24] basehttp.py:187:"GET /projects/project/create/ HTTP/1.1" 200 85208
WARNING:django.server:[2025-07-11 00:01:24] basehttp.py:187:"GET /projects/project/create/assets/img/products/60x60/3.png HTTP/1.1" 404 4674
WARNING:django.server:[2025-07-11 00:01:24] basehttp.py:187:"GET /projects/project/create/assets/img/team/40x40/30.webp HTTP/1.1" 404 4668
WARNING:django.server:[2025-07-11 00:01:24] basehttp.py:187:"GET /projects/project/create/assets/img/team/40x40/avatar.webp HTTP/1.1" 404 4680
WARNING:django.server:[2025-07-11 00:01:24] basehttp.py:187:"GET /projects/project/create/assets/img/nav-icons/google-cloud.webp HTTP/1.1" 404 4695
WARNING:django.server:[2025-07-11 00:01:24] basehttp.py:187:"GET /projects/project/create/assets/img/nav-icons/slack.webp HTTP/1.1" 404 4674
WARNING:django.server:[2025-07-11 00:01:24] basehttp.py:187:"GET /projects/project/create/assets/img/team/40x40/59.webp HTTP/1.1" 404 4668
WARNING:django.server:[2025-07-11 00:01:24] basehttp.py:187:"GET /projects/project/create/assets/img/nav-icons/behance.webp HTTP/1.1" 404 4680
WARNING:django.server:[2025-07-11 00:01:24] basehttp.py:187:"GET /projects/project/create/assets/img/team/40x40/58.webp HTTP/1.1" 404 4668
WARNING:django.server:[2025-07-11 00:01:24] basehttp.py:187:"GET /projects/project/create/assets/img/nav-icons/bitbucket.webp HTTP/1.1" 404 4686
WARNING:django.server:[2025-07-11 00:01:24] basehttp.py:187:"GET /projects/project/create/assets/img/nav-icons/gitlab.webp HTTP/1.1" 404 4677
WARNING:django.server:[2025-07-11 00:01:24] basehttp.py:187:"GET /projects/project/create/assets/img/nav-icons/trello.webp HTTP/1.1" 404 4677
WARNING:django.server:[2025-07-11 00:01:24] basehttp.py:187:"GET /projects/project/create/assets/img/nav-icons/figma.webp HTTP/1.1" 404 4674
WARNING:django.server:[2025-07-11 00:01:24] basehttp.py:187:"GET /projects/project/create/assets/img/nav-icons/google-drive.webp HTTP/1.1" 404 4695
WARNING:django.server:[2025-07-11 00:01:24] basehttp.py:187:"GET /projects/project/create/assets/img/nav-icons/twitter.webp HTTP/1.1" 404 4680
WARNING:django.server:[2025-07-11 00:01:24] basehttp.py:187:"GET /projects/project/create/assets/img/nav-icons/pinterest.webp HTTP/1.1" 404 4686
WARNING:django.server:[2025-07-11 00:01:24] basehttp.py:187:"GET /projects/project/create/assets/img/nav-icons/google-maps.webp HTTP/1.1" 404 4692
WARNING:django.server:[2025-07-11 00:01:24] basehttp.py:187:"GET /projects/project/create/assets/img/nav-icons/ln.webp HTTP/1.1" 404 4665
WARNING:django.server:[2025-07-11 00:01:24] basehttp.py:187:"GET /projects/project/create/assets/img/products/60x60/3.png HTTP/1.1" 404 4674
WARNING:django.server:[2025-07-11 00:01:24] basehttp.py:187:"GET /projects/project/create/assets/img/nav-icons/spotify.webp HTTP/1.1" 404 4680
WARNING:django.server:[2025-07-11 00:01:24] basehttp.py:187:"GET /projects/project/create/assets/img/nav-icons/google-photos.webp HTTP/1.1" 404 4698
INFO:django.server:[2025-07-11 00:01:25] basehttp.py:187:"GET /projects/project/project_list/ HTTP/1.1" 200 109027
WARNING:django.server:[2025-07-11 00:01:25] basehttp.py:187:"GET /projects/project/project_list/assets/img/products/60x60/3.png HTTP/1.1" 404 4692
WARNING:django.server:[2025-07-11 00:01:25] basehttp.py:187:"GET /projects/project/project_list/assets/img/team/40x40/30.webp HTTP/1.1" 404 4686
WARNING:django.server:[2025-07-11 00:01:25] basehttp.py:187:"GET /projects/project/project_list/assets/img/team/40x40/avatar.webp HTTP/1.1" 404 4698
WARNING:django.server:[2025-07-11 00:01:25] basehttp.py:187:"GET /projects/project/project_list/assets/img/team/40x40/59.webp HTTP/1.1" 404 4686
WARNING:django.server:[2025-07-11 00:01:25] basehttp.py:187:"GET /projects/project/project_list/assets/img/nav-icons/slack.webp HTTP/1.1" 404 4692
WARNING:django.server:[2025-07-11 00:01:25] basehttp.py:187:"GET /projects/project/project_list/assets/img/nav-icons/google-cloud.webp HTTP/1.1" 404 4713
WARNING:django.server:[2025-07-11 00:01:25] basehttp.py:187:"GET /projects/project/project_list/assets/img/team/40x40/58.webp HTTP/1.1" 404 4686
WARNING:django.server:[2025-07-11 00:01:25] basehttp.py:187:"GET /projects/project/project_list/assets/img/nav-icons/bitbucket.webp HTTP/1.1" 404 4704
WARNING:django.server:[2025-07-11 00:01:25] basehttp.py:187:"GET /projects/project/project_list/assets/img/nav-icons/gitlab.webp HTTP/1.1" 404 4695
WARNING:django.server:[2025-07-11 00:01:25] basehttp.py:187:"GET /projects/project/project_list/assets/img/nav-icons/behance.webp HTTP/1.1" 404 4698
WARNING:django.server:[2025-07-11 00:01:25] basehttp.py:187:"GET /projects/project/project_list/assets/img/nav-icons/google-drive.webp HTTP/1.1" 404 4713
WARNING:django.server:[2025-07-11 00:01:25] basehttp.py:187:"GET /projects/project/project_list/assets/img/nav-icons/trello.webp HTTP/1.1" 404 4695
WARNING:django.server:[2025-07-11 00:01:25] basehttp.py:187:"GET /projects/project/project_list/assets/img/nav-icons/figma.webp HTTP/1.1" 404 4692
WARNING:django.server:[2025-07-11 00:01:25] basehttp.py:187:"GET /projects/project/project_list/assets/img/nav-icons/twitter.webp HTTP/1.1" 404 4698
WARNING:django.server:[2025-07-11 00:01:25] basehttp.py:187:"GET /projects/project/project_list/assets/img/nav-icons/ln.webp HTTP/1.1" 404 4683
WARNING:django.server:[2025-07-11 00:01:25] basehttp.py:187:"GET /projects/project/project_list/assets/img/nav-icons/pinterest.webp HTTP/1.1" 404 4704
WARNING:django.server:[2025-07-11 00:01:25] basehttp.py:187:"GET /projects/project/project_list/assets/img/nav-icons/google-photos.webp HTTP/1.1" 404 4716
WARNING:django.server:[2025-07-11 00:01:25] basehttp.py:187:"GET /projects/project/project_list/assets/img/nav-icons/google-maps.webp HTTP/1.1" 404 4710
WARNING:django.server:[2025-07-11 00:01:25] basehttp.py:187:"GET /projects/project/project_list/assets/img/nav-icons/spotify.webp HTTP/1.1" 404 4698
WARNING:django.server:[2025-07-11 00:01:25] basehttp.py:187:"GET /projects/assets/img/products/60x60/3.png HTTP/1.1" 404 4629
WARNING:django.server:[2025-07-11 00:01:25] basehttp.py:187:"GET /projects/assets/img/team/40x40/10.webp HTTP/1.1" 404 4623
WARNING:django.server:[2025-07-11 00:01:25] basehttp.py:187:"GET /projects/assets/img/team/40x40/12.webp HTTP/1.1" 404 4623
WARNING:django.server:[2025-07-11 00:01:25] basehttp.py:187:"GET /projects/project/project_list/assets/img/products/60x60/3.png HTTP/1.1" 404 4692
INFO:django.server:[2025-07-11 00:01:29] basehttp.py:187:"GET /projects/1/task/create/ HTTP/1.1" 200 84312
WARNING:django.server:[2025-07-11 00:01:29] basehttp.py:187:"GET /projects/1/task/create/assets/img/products/60x60/3.png HTTP/1.1" 404 4671
WARNING:django.server:[2025-07-11 00:01:29] basehttp.py:187:"GET /projects/1/task/create/assets/img/team/40x40/30.webp HTTP/1.1" 404 4665
WARNING:django.server:[2025-07-11 00:01:29] basehttp.py:187:"GET /projects/1/task/create/assets/img/team/40x40/59.webp HTTP/1.1" 404 4665
WARNING:django.server:[2025-07-11 00:01:29] basehttp.py:187:"GET /projects/1/task/create/assets/img/team/40x40/avatar.webp HTTP/1.1" 404 4677
WARNING:django.server:[2025-07-11 00:01:29] basehttp.py:187:"GET /projects/1/task/create/assets/img/nav-icons/bitbucket.webp HTTP/1.1" 404 4683
WARNING:django.server:[2025-07-11 00:01:29] basehttp.py:187:"GET /projects/1/task/create/assets/img/team/40x40/58.webp HTTP/1.1" 404 4665
WARNING:django.server:[2025-07-11 00:01:29] basehttp.py:187:"GET /projects/1/task/create/assets/img/nav-icons/gitlab.webp HTTP/1.1" 404 4674
WARNING:django.server:[2025-07-11 00:01:29] basehttp.py:187:"GET /projects/1/task/create/assets/img/nav-icons/slack.webp HTTP/1.1" 404 4671
WARNING:django.server:[2025-07-11 00:01:29] basehttp.py:187:"GET /projects/1/task/create/assets/img/nav-icons/google-cloud.webp HTTP/1.1" 404 4692
WARNING:django.server:[2025-07-11 00:01:29] basehttp.py:187:"GET /projects/1/task/create/assets/img/nav-icons/behance.webp HTTP/1.1" 404 4677
WARNING:django.server:[2025-07-11 00:01:29] basehttp.py:187:"GET /projects/1/task/create/assets/img/nav-icons/figma.webp HTTP/1.1" 404 4671
WARNING:django.server:[2025-07-11 00:01:29] basehttp.py:187:"GET /projects/1/task/create/assets/img/nav-icons/trello.webp HTTP/1.1" 404 4674
WARNING:django.server:[2025-07-11 00:01:29] basehttp.py:187:"GET /projects/1/task/create/assets/img/nav-icons/google-drive.webp HTTP/1.1" 404 4692
WARNING:django.server:[2025-07-11 00:01:29] basehttp.py:187:"GET /projects/1/task/create/assets/img/nav-icons/pinterest.webp HTTP/1.1" 404 4683
WARNING:django.server:[2025-07-11 00:01:29] basehttp.py:187:"GET /projects/1/task/create/assets/img/nav-icons/ln.webp HTTP/1.1" 404 4662
WARNING:django.server:[2025-07-11 00:01:29] basehttp.py:187:"GET /projects/1/task/create/assets/img/nav-icons/twitter.webp HTTP/1.1" 404 4677
WARNING:django.server:[2025-07-11 00:01:29] basehttp.py:187:"GET /projects/1/task/create/assets/img/nav-icons/google-maps.webp HTTP/1.1" 404 4689
WARNING:django.server:[2025-07-11 00:01:29] basehttp.py:187:"GET /projects/1/task/create/assets/img/nav-icons/google-photos.webp HTTP/1.1" 404 4695
WARNING:django.server:[2025-07-11 00:01:29] basehttp.py:187:"GET /projects/1/task/create/assets/img/products/60x60/3.png HTTP/1.1" 404 4671
WARNING:django.server:[2025-07-11 00:01:29] basehttp.py:187:"GET /projects/1/task/create/assets/img/nav-icons/spotify.webp HTTP/1.1" 404 4677
INFO:django.server:[2025-07-11 00:01:36] basehttp.py:187:"GET /projects/project/project_list/ HTTP/1.1" 200 109027
WARNING:django.server:[2025-07-11 00:01:36] basehttp.py:187:"GET /projects/project/project_list/assets/img/team/40x40/30.webp HTTP/1.1" 404 4686
WARNING:django.server:[2025-07-11 00:01:36] basehttp.py:187:"GET /projects/project/project_list/assets/img/products/60x60/3.png HTTP/1.1" 404 4692
WARNING:django.server:[2025-07-11 00:01:36] basehttp.py:187:"GET /projects/project/project_list/assets/img/team/40x40/59.webp HTTP/1.1" 404 4686
WARNING:django.server:[2025-07-11 00:01:36] basehttp.py:187:"GET /projects/project/project_list/assets/img/team/40x40/avatar.webp HTTP/1.1" 404 4698
WARNING:django.server:[2025-07-11 00:01:36] basehttp.py:187:"GET /projects/project/project_list/assets/img/nav-icons/google-cloud.webp HTTP/1.1" 404 4713
WARNING:django.server:[2025-07-11 00:01:36] basehttp.py:187:"GET /projects/project/project_list/assets/img/nav-icons/slack.webp HTTP/1.1" 404 4692
WARNING:django.server:[2025-07-11 00:01:36] basehttp.py:187:"GET /projects/project/project_list/assets/img/nav-icons/behance.webp HTTP/1.1" 404 4698
WARNING:django.server:[2025-07-11 00:01:36] basehttp.py:187:"GET /projects/project/project_list/assets/img/nav-icons/gitlab.webp HTTP/1.1" 404 4695
WARNING:django.server:[2025-07-11 00:01:36] basehttp.py:187:"GET /projects/project/project_list/assets/img/team/40x40/58.webp HTTP/1.1" 404 4686
WARNING:django.server:[2025-07-11 00:01:36] basehttp.py:187:"GET /projects/project/project_list/assets/img/nav-icons/bitbucket.webp HTTP/1.1" 404 4704
WARNING:django.server:[2025-07-11 00:01:36] basehttp.py:187:"GET /projects/project/project_list/assets/img/nav-icons/google-drive.webp HTTP/1.1" 404 4713
WARNING:django.server:[2025-07-11 00:01:36] basehttp.py:187:"GET /projects/project/project_list/assets/img/nav-icons/figma.webp HTTP/1.1" 404 4692
WARNING:django.server:[2025-07-11 00:01:36] basehttp.py:187:"GET /projects/project/project_list/assets/img/nav-icons/trello.webp HTTP/1.1" 404 4695
WARNING:django.server:[2025-07-11 00:01:36] basehttp.py:187:"GET /projects/project/project_list/assets/img/nav-icons/ln.webp HTTP/1.1" 404 4683
WARNING:django.server:[2025-07-11 00:01:36] basehttp.py:187:"GET /projects/project/project_list/assets/img/nav-icons/pinterest.webp HTTP/1.1" 404 4704
WARNING:django.server:[2025-07-11 00:01:36] basehttp.py:187:"GET /projects/project/project_list/assets/img/nav-icons/twitter.webp HTTP/1.1" 404 4698
WARNING:django.server:[2025-07-11 00:01:36] basehttp.py:187:"GET /projects/project/project_list/assets/img/nav-icons/google-maps.webp HTTP/1.1" 404 4710
WARNING:django.server:[2025-07-11 00:01:36] basehttp.py:187:"GET /projects/project/project_list/assets/img/nav-icons/spotify.webp HTTP/1.1" 404 4698
WARNING:django.server:[2025-07-11 00:01:36] basehttp.py:187:"GET /projects/project/project_list/assets/img/nav-icons/google-photos.webp HTTP/1.1" 404 4716
WARNING:django.server:[2025-07-11 00:01:36] basehttp.py:187:"GET /projects/assets/img/team/40x40/10.webp HTTP/1.1" 404 4623
WARNING:django.server:[2025-07-11 00:01:36] basehttp.py:187:"GET /projects/assets/img/products/60x60/3.png HTTP/1.1" 404 4629
WARNING:django.server:[2025-07-11 00:01:36] basehttp.py:187:"GET /projects/assets/img/team/40x40/12.webp HTTP/1.1" 404 4623
WARNING:django.server:[2025-07-11 00:01:36] basehttp.py:187:"GET /projects/project/project_list/assets/img/products/60x60/3.png HTTP/1.1" 404 4692
INFO:django.server:[2025-07-11 00:01:40] basehttp.py:187:"GET /projects/project/project_card/ HTTP/1.1" 200 190760
WARNING:django.server:[2025-07-11 00:01:40] basehttp.py:187:"GET /projects/project/project_card/assets/img/team/40x40/30.webp HTTP/1.1" 404 4686
WARNING:django.server:[2025-07-11 00:01:40] basehttp.py:187:"GET /projects/project/project_card/assets/img/products/60x60/3.png HTTP/1.1" 404 4692
WARNING:django.server:[2025-07-11 00:01:40] basehttp.py:187:"GET /projects/project/project_card/assets/img/team/40x40/59.webp HTTP/1.1" 404 4686
WARNING:django.server:[2025-07-11 00:01:40] basehttp.py:187:"GET /projects/project/project_card/assets/img/team/40x40/avatar.webp HTTP/1.1" 404 4698
WARNING:django.server:[2025-07-11 00:01:40] basehttp.py:187:"GET /projects/project/project_card/assets/img/nav-icons/google-cloud.webp HTTP/1.1" 404 4713
WARNING:django.server:[2025-07-11 00:01:40] basehttp.py:187:"GET /projects/project/project_card/assets/img/nav-icons/behance.webp HTTP/1.1" 404 4698
WARNING:django.server:[2025-07-11 00:01:40] basehttp.py:187:"GET /projects/project/project_card/assets/img/nav-icons/slack.webp HTTP/1.1" 404 4692
WARNING:django.server:[2025-07-11 00:01:40] basehttp.py:187:"GET /projects/project/project_card/assets/img/team/40x40/58.webp HTTP/1.1" 404 4686
WARNING:django.server:[2025-07-11 00:01:40] basehttp.py:187:"GET /projects/project/project_card/assets/img/nav-icons/bitbucket.webp HTTP/1.1" 404 4704
WARNING:django.server:[2025-07-11 00:01:40] basehttp.py:187:"GET /projects/project/project_card/assets/img/nav-icons/google-drive.webp HTTP/1.1" 404 4713
WARNING:django.server:[2025-07-11 00:01:40] basehttp.py:187:"GET /projects/project/project_card/assets/img/nav-icons/gitlab.webp HTTP/1.1" 404 4695
WARNING:django.server:[2025-07-11 00:01:40] basehttp.py:187:"GET /projects/project/project_card/assets/img/nav-icons/trello.webp HTTP/1.1" 404 4695
WARNING:django.server:[2025-07-11 00:01:40] basehttp.py:187:"GET /projects/project/project_card/assets/img/nav-icons/figma.webp HTTP/1.1" 404 4692
WARNING:django.server:[2025-07-11 00:01:40] basehttp.py:187:"GET /projects/project/project_card/assets/img/nav-icons/twitter.webp HTTP/1.1" 404 4698
WARNING:django.server:[2025-07-11 00:01:40] basehttp.py:187:"GET /projects/project/project_card/assets/img/nav-icons/pinterest.webp HTTP/1.1" 404 4704
WARNING:django.server:[2025-07-11 00:01:40] basehttp.py:187:"GET /projects/project/project_card/assets/img/nav-icons/ln.webp HTTP/1.1" 404 4683
WARNING:django.server:[2025-07-11 00:01:40] basehttp.py:187:"GET /projects/project/project_card/assets/img/nav-icons/google-maps.webp HTTP/1.1" 404 4710
WARNING:django.server:[2025-07-11 00:01:40] basehttp.py:187:"GET /projects/project/project_card/assets/img/nav-icons/spotify.webp HTTP/1.1" 404 4698
WARNING:django.server:[2025-07-11 00:01:40] basehttp.py:187:"GET /projects/project/project_card/assets/img/nav-icons/google-photos.webp HTTP/1.1" 404 4716
WARNING:django.server:[2025-07-11 00:01:40] basehttp.py:187:"GET /projects/assets/img/generic/43.png HTTP/1.1" 404 4611
WARNING:django.server:[2025-07-11 00:01:40] basehttp.py:187:"GET /projects/assets/img/team/60.webp HTTP/1.1" 404 4605
WARNING:django.server:[2025-07-11 00:01:40] basehttp.py:187:"GET /projects/assets/img/team/34.webp HTTP/1.1" 404 4605
WARNING:django.server:[2025-07-11 00:01:40] basehttp.py:187:"GET /projects/assets/img/team/58.webp HTTP/1.1" 404 4605
WARNING:django.server:[2025-07-11 00:01:40] basehttp.py:187:"GET /projects/assets/img/team/59.webp HTTP/1.1" 404 4605
WARNING:django.server:[2025-07-11 00:01:40] basehttp.py:187:"GET /projects/assets/img/generic/42.png HTTP/1.1" 404 4611
WARNING:django.server:[2025-07-11 00:01:40] basehttp.py:187:"GET /projects/assets/img//team/30.webp HTTP/1.1" 404 4608
WARNING:django.server:[2025-07-11 00:01:40] basehttp.py:187:"GET /projects/assets/img/team/40x40/10.webp HTTP/1.1" 404 4623
WARNING:django.server:[2025-07-11 00:01:40] basehttp.py:187:"GET /projects/assets/img/generic/40.png HTTP/1.1" 404 4611
WARNING:django.server:[2025-07-11 00:01:40] basehttp.py:187:"GET /projects/assets/img/products/60x60/3.png HTTP/1.1" 404 4629
WARNING:django.server:[2025-07-11 00:01:40] basehttp.py:187:"GET /projects/assets/img/team/40x40/12.webp HTTP/1.1" 404 4623
WARNING:django.server:[2025-07-11 00:01:40] basehttp.py:187:"GET /projects/project/project_card/assets/img/products/60x60/3.png HTTP/1.1" 404 4692
ERROR:django.request:[2025-07-11 00:03:19] log.py:241:Internal Server Error: /projects/project/project_card/
Traceback (most recent call last):
  File "/Users/zhongyu/Projects/Web_app/proj_portal/proj/lib/python3.11/site-packages/django/core/handlers/exception.py", line 56, in inner
    response = get_response(request)
               ^^^^^^^^^^^^^^^^^^^^^
  File "/Users/zhongyu/Projects/Web_app/proj_portal/proj/lib/python3.11/site-packages/django/core/handlers/base.py", line 220, in _get_response
    response = response.render()
               ^^^^^^^^^^^^^^^^^
  File "/Users/zhongyu/Projects/Web_app/proj_portal/proj/lib/python3.11/site-packages/django/template/response.py", line 114, in render
    self.content = self.rendered_content
                   ^^^^^^^^^^^^^^^^^^^^^
  File "/Users/zhongyu/Projects/Web_app/proj_portal/proj/lib/python3.11/site-packages/django/template/response.py", line 92, in rendered_content
    return template.render(context, self._request)
           ^^^^^^^^^^^^^^^^^^^^^^^^^^^^^^^^^^^^^^^
  File "/Users/zhongyu/Projects/Web_app/proj_portal/proj/lib/python3.11/site-packages/django/template/backends/django.py", line 61, in render
    return self.template.render(context)
           ^^^^^^^^^^^^^^^^^^^^^^^^^^^^^
  File "/Users/zhongyu/Projects/Web_app/proj_portal/proj/lib/python3.11/site-packages/django/template/base.py", line 175, in render
    return self._render(context)
           ^^^^^^^^^^^^^^^^^^^^^
  File "/Users/zhongyu/Projects/Web_app/proj_portal/proj/lib/python3.11/site-packages/django/template/base.py", line 167, in _render
    return self.nodelist.render(context)
           ^^^^^^^^^^^^^^^^^^^^^^^^^^^^^
  File "/Users/zhongyu/Projects/Web_app/proj_portal/proj/lib/python3.11/site-packages/django/template/base.py", line 1005, in render
    return SafeString("".join([node.render_annotated(context) for node in self]))
                              ^^^^^^^^^^^^^^^^^^^^^^^^^^^^^^^^^^^^^^^^^^^^^^^^^
  File "/Users/zhongyu/Projects/Web_app/proj_portal/proj/lib/python3.11/site-packages/django/template/base.py", line 1005, in <listcomp>
    return SafeString("".join([node.render_annotated(context) for node in self]))
                               ^^^^^^^^^^^^^^^^^^^^^^^^^^^^^^
  File "/Users/zhongyu/Projects/Web_app/proj_portal/proj/lib/python3.11/site-packages/django/template/base.py", line 966, in render_annotated
    return self.render(context)
           ^^^^^^^^^^^^^^^^^^^^
  File "/Users/zhongyu/Projects/Web_app/proj_portal/proj/lib/python3.11/site-packages/django/template/loader_tags.py", line 157, in render
    return compiled_parent._render(context)
           ^^^^^^^^^^^^^^^^^^^^^^^^^^^^^^^^
  File "/Users/zhongyu/Projects/Web_app/proj_portal/proj/lib/python3.11/site-packages/django/template/base.py", line 167, in _render
    return self.nodelist.render(context)
           ^^^^^^^^^^^^^^^^^^^^^^^^^^^^^
  File "/Users/zhongyu/Projects/Web_app/proj_portal/proj/lib/python3.11/site-packages/django/template/base.py", line 1005, in render
    return SafeString("".join([node.render_annotated(context) for node in self]))
                              ^^^^^^^^^^^^^^^^^^^^^^^^^^^^^^^^^^^^^^^^^^^^^^^^^
  File "/Users/zhongyu/Projects/Web_app/proj_portal/proj/lib/python3.11/site-packages/django/template/base.py", line 1005, in <listcomp>
    return SafeString("".join([node.render_annotated(context) for node in self]))
                               ^^^^^^^^^^^^^^^^^^^^^^^^^^^^^^
  File "/Users/zhongyu/Projects/Web_app/proj_portal/proj/lib/python3.11/site-packages/django/template/base.py", line 966, in render_annotated
    return self.render(context)
           ^^^^^^^^^^^^^^^^^^^^
  File "/Users/zhongyu/Projects/Web_app/proj_portal/proj/lib/python3.11/site-packages/django/template/loader_tags.py", line 63, in render
    result = block.nodelist.render(context)
             ^^^^^^^^^^^^^^^^^^^^^^^^^^^^^^
  File "/Users/zhongyu/Projects/Web_app/proj_portal/proj/lib/python3.11/site-packages/django/template/base.py", line 1005, in render
    return SafeString("".join([node.render_annotated(context) for node in self]))
                              ^^^^^^^^^^^^^^^^^^^^^^^^^^^^^^^^^^^^^^^^^^^^^^^^^
  File "/Users/zhongyu/Projects/Web_app/proj_portal/proj/lib/python3.11/site-packages/django/template/base.py", line 1005, in <listcomp>
    return SafeString("".join([node.render_annotated(context) for node in self]))
                               ^^^^^^^^^^^^^^^^^^^^^^^^^^^^^^
  File "/Users/zhongyu/Projects/Web_app/proj_portal/proj/lib/python3.11/site-packages/django/template/base.py", line 966, in render_annotated
    return self.render(context)
           ^^^^^^^^^^^^^^^^^^^^
  File "/Users/zhongyu/Projects/Web_app/proj_portal/proj/lib/python3.11/site-packages/django/template/defaulttags.py", line 238, in render
    nodelist.append(node.render_annotated(context))
                    ^^^^^^^^^^^^^^^^^^^^^^^^^^^^^^
  File "/Users/zhongyu/Projects/Web_app/proj_portal/proj/lib/python3.11/site-packages/django/template/base.py", line 966, in render_annotated
    return self.render(context)
           ^^^^^^^^^^^^^^^^^^^^
  File "/Users/zhongyu/Projects/Web_app/proj_portal/proj/lib/python3.11/site-packages/django/template/defaulttags.py", line 471, in render
    url = reverse(view_name, args=args, kwargs=kwargs, current_app=current_app)
          ^^^^^^^^^^^^^^^^^^^^^^^^^^^^^^^^^^^^^^^^^^^^^^^^^^^^^^^^^^^^^^^^^^^^^
  File "/Users/zhongyu/Projects/Web_app/proj_portal/proj/lib/python3.11/site-packages/django/urls/base.py", line 88, in reverse
    return resolver._reverse_with_prefix(view, prefix, *args, **kwargs)
           ^^^^^^^^^^^^^^^^^^^^^^^^^^^^^^^^^^^^^^^^^^^^^^^^^^^^^^^^^^^^
  File "/Users/zhongyu/Projects/Web_app/proj_portal/proj/lib/python3.11/site-packages/django/urls/resolvers.py", line 828, in _reverse_with_prefix
    raise NoReverseMatch(msg)
django.urls.exceptions.NoReverseMatch: Reverse for 'project_detail' not found. 'project_detail' is not a valid view function or pattern name.
ERROR:django.server:[2025-07-11 00:03:19] basehttp.py:187:"GET /projects/project/project_card/ HTTP/1.1" 500 194097
INFO:django.utils.autoreload:[2025-07-11 00:03:25] autoreload.py:266:/Users/zhongyu/Projects/Web_app/proj_portal/proj_management/project/views.py changed, reloading.
INFO:django.utils.autoreload:[2025-07-11 00:03:25] autoreload.py:677:Watching for file changes with StatReloader
INFO:django.utils.autoreload:[2025-07-11 00:03:34] autoreload.py:266:/Users/zhongyu/Projects/Web_app/proj_portal/proj_management/project/urls.py changed, reloading.
INFO:django.utils.autoreload:[2025-07-11 00:03:34] autoreload.py:677:Watching for file changes with StatReloader
INFO:django.utils.autoreload:[2025-07-11 00:03:53] autoreload.py:266:/Users/zhongyu/Projects/Web_app/proj_portal/proj_management/project/views.py changed, reloading.
INFO:django.utils.autoreload:[2025-07-11 00:03:53] autoreload.py:677:Watching for file changes with StatReloader
INFO:django.utils.autoreload:[2025-07-11 00:03:59] autoreload.py:266:/Users/zhongyu/Projects/Web_app/proj_portal/proj_management/project/views.py changed, reloading.
INFO:django.utils.autoreload:[2025-07-11 00:03:59] autoreload.py:677:Watching for file changes with StatReloader
INFO:django.server:[2025-07-11 00:05:15] basehttp.py:187:"GET /projects/project/project_card/ HTTP/1.1" 200 190626
WARNING:django.server:[2025-07-11 00:05:15] basehttp.py:187:"GET /projects/project/project_card/assets/img/products/60x60/3.png HTTP/1.1" 404 4894
WARNING:django.server:[2025-07-11 00:05:15] basehttp.py:187:"GET /projects/project/project_card/assets/img/team/40x40/30.webp HTTP/1.1" 404 4888
WARNING:django.server:[2025-07-11 00:05:15] basehttp.py:187:"GET /projects/project/project_card/assets/img/team/40x40/avatar.webp HTTP/1.1" 404 4900
WARNING:django.server:[2025-07-11 00:05:15] basehttp.py:187:"GET /projects/project/project_card/assets/img/team/40x40/58.webp HTTP/1.1" 404 4888
WARNING:django.server:[2025-07-11 00:05:15] basehttp.py:187:"GET /projects/project/project_card/assets/img/team/40x40/59.webp HTTP/1.1" 404 4888
WARNING:django.server:[2025-07-11 00:05:15] basehttp.py:187:"GET /projects/project/project_card/assets/img/nav-icons/google-cloud.webp HTTP/1.1" 404 4915
WARNING:django.server:[2025-07-11 00:05:15] basehttp.py:187:"GET /projects/project/project_card/assets/img/nav-icons/bitbucket.webp HTTP/1.1" 404 4906
WARNING:django.server:[2025-07-11 00:05:15] basehttp.py:187:"GET /projects/project/project_card/assets/img/nav-icons/google-drive.webp HTTP/1.1" 404 4915
WARNING:django.server:[2025-07-11 00:05:15] basehttp.py:187:"GET /projects/project/project_card/assets/img/nav-icons/behance.webp HTTP/1.1" 404 4900
WARNING:django.server:[2025-07-11 00:05:15] basehttp.py:187:"GET /projects/project/project_card/assets/img/nav-icons/slack.webp HTTP/1.1" 404 4894
WARNING:django.server:[2025-07-11 00:05:15] basehttp.py:187:"GET /projects/project/project_card/assets/img/nav-icons/gitlab.webp HTTP/1.1" 404 4897
WARNING:django.server:[2025-07-11 00:05:15] basehttp.py:187:"GET /projects/project/project_card/assets/img/nav-icons/figma.webp HTTP/1.1" 404 4894
WARNING:django.server:[2025-07-11 00:05:15] basehttp.py:187:"GET /projects/project/project_card/assets/img/nav-icons/trello.webp HTTP/1.1" 404 4897
WARNING:django.server:[2025-07-11 00:05:15] basehttp.py:187:"GET /projects/project/project_card/assets/img/nav-icons/twitter.webp HTTP/1.1" 404 4900
WARNING:django.server:[2025-07-11 00:05:16] basehttp.py:187:"GET /projects/project/project_card/assets/img/nav-icons/ln.webp HTTP/1.1" 404 4885
WARNING:django.server:[2025-07-11 00:05:16] basehttp.py:187:"GET /projects/assets/img/generic/43.png HTTP/1.1" 404 4813
WARNING:django.server:[2025-07-11 00:05:16] basehttp.py:187:"GET /projects/project/project_card/assets/img/nav-icons/google-maps.webp HTTP/1.1" 404 4912
WARNING:django.server:[2025-07-11 00:05:16] basehttp.py:187:"GET /projects/project/project_card/assets/img/nav-icons/google-photos.webp HTTP/1.1" 404 4918
WARNING:django.server:[2025-07-11 00:05:16] basehttp.py:187:"GET /projects/project/project_card/assets/img/nav-icons/spotify.webp HTTP/1.1" 404 4900
WARNING:django.server:[2025-07-11 00:05:16] basehttp.py:187:"GET /projects/assets/img/team/60.webp HTTP/1.1" 404 4807
WARNING:django.server:[2025-07-11 00:05:16] basehttp.py:187:"GET /projects/project/project_card/assets/img/nav-icons/pinterest.webp HTTP/1.1" 404 4906
WARNING:django.server:[2025-07-11 00:05:16] basehttp.py:187:"GET /projects/assets/img/team/59.webp HTTP/1.1" 404 4807
WARNING:django.server:[2025-07-11 00:05:16] basehttp.py:187:"GET /projects/assets/img/team/58.webp HTTP/1.1" 404 4807
WARNING:django.server:[2025-07-11 00:05:16] basehttp.py:187:"GET /projects/assets/img/generic/40.png HTTP/1.1" 404 4813
WARNING:django.server:[2025-07-11 00:05:16] basehttp.py:187:"GET /projects/assets/img/team/34.webp HTTP/1.1" 404 4807
WARNING:django.server:[2025-07-11 00:05:16] basehttp.py:187:"GET /projects/assets/img/generic/42.png HTTP/1.1" 404 4813
WARNING:django.server:[2025-07-11 00:05:16] basehttp.py:187:"GET /projects/assets/img//team/30.webp HTTP/1.1" 404 4810
WARNING:django.server:[2025-07-11 00:05:16] basehttp.py:187:"GET /projects/assets/img/team/40x40/10.webp HTTP/1.1" 404 4825
WARNING:django.server:[2025-07-11 00:05:16] basehttp.py:187:"GET /projects/assets/img/products/60x60/3.png HTTP/1.1" 404 4831
WARNING:django.server:[2025-07-11 00:05:16] basehttp.py:187:"GET /projects/assets/img/team/40x40/12.webp HTTP/1.1" 404 4825
WARNING:django.server:[2025-07-11 00:05:16] basehttp.py:187:"GET /projects/project/project_card/assets/img/products/60x60/3.png HTTP/1.1" 404 4894
ERROR:django.request:[2025-07-11 00:05:17] log.py:241:Internal Server Error: /projects/project/1/
Traceback (most recent call last):
  File "/Users/zhongyu/Projects/Web_app/proj_portal/proj/lib/python3.11/site-packages/django/core/handlers/exception.py", line 56, in inner
    response = get_response(request)
               ^^^^^^^^^^^^^^^^^^^^^
  File "/Users/zhongyu/Projects/Web_app/proj_portal/proj/lib/python3.11/site-packages/django/core/handlers/base.py", line 220, in _get_response
    response = response.render()
               ^^^^^^^^^^^^^^^^^
  File "/Users/zhongyu/Projects/Web_app/proj_portal/proj/lib/python3.11/site-packages/django/template/response.py", line 114, in render
    self.content = self.rendered_content
                   ^^^^^^^^^^^^^^^^^^^^^
  File "/Users/zhongyu/Projects/Web_app/proj_portal/proj/lib/python3.11/site-packages/django/template/response.py", line 90, in rendered_content
    template = self.resolve_template(self.template_name)
               ^^^^^^^^^^^^^^^^^^^^^^^^^^^^^^^^^^^^^^^^^
  File "/Users/zhongyu/Projects/Web_app/proj_portal/proj/lib/python3.11/site-packages/django/template/response.py", line 72, in resolve_template
    return select_template(template, using=self.using)
           ^^^^^^^^^^^^^^^^^^^^^^^^^^^^^^^^^^^^^^^^^^^
  File "/Users/zhongyu/Projects/Web_app/proj_portal/proj/lib/python3.11/site-packages/django/template/loader.py", line 42, in select_template
    return engine.get_template(template_name)
           ^^^^^^^^^^^^^^^^^^^^^^^^^^^^^^^^^^
  File "/Users/zhongyu/Projects/Web_app/proj_portal/proj/lib/python3.11/site-packages/django/template/backends/django.py", line 33, in get_template
    return Template(self.engine.get_template(template_name), self)
                    ^^^^^^^^^^^^^^^^^^^^^^^^^^^^^^^^^^^^^^^
  File "/Users/zhongyu/Projects/Web_app/proj_portal/proj/lib/python3.11/site-packages/django/template/engine.py", line 175, in get_template
    template, origin = self.find_template(template_name)
                       ^^^^^^^^^^^^^^^^^^^^^^^^^^^^^^^^^
  File "/Users/zhongyu/Projects/Web_app/proj_portal/proj/lib/python3.11/site-packages/django/template/engine.py", line 157, in find_template
    template = loader.get_template(name, skip=skip)
               ^^^^^^^^^^^^^^^^^^^^^^^^^^^^^^^^^^^^
  File "/Users/zhongyu/Projects/Web_app/proj_portal/proj/lib/python3.11/site-packages/django/template/loaders/cached.py", line 57, in get_template
    template = super().get_template(template_name, skip)
               ^^^^^^^^^^^^^^^^^^^^^^^^^^^^^^^^^^^^^^^^^
  File "/Users/zhongyu/Projects/Web_app/proj_portal/proj/lib/python3.11/site-packages/django/template/loaders/base.py", line 28, in get_template
    return Template(
           ^^^^^^^^^
  File "/Users/zhongyu/Projects/Web_app/proj_portal/proj/lib/python3.11/site-packages/django/template/base.py", line 154, in __init__
    self.nodelist = self.compile_nodelist()
                    ^^^^^^^^^^^^^^^^^^^^^^^
  File "/Users/zhongyu/Projects/Web_app/proj_portal/proj/lib/python3.11/site-packages/django/template/base.py", line 200, in compile_nodelist
    return parser.parse()
           ^^^^^^^^^^^^^^
  File "/Users/zhongyu/Projects/Web_app/proj_portal/proj/lib/python3.11/site-packages/django/template/base.py", line 513, in parse
    raise self.error(token, e)
  File "/Users/zhongyu/Projects/Web_app/proj_portal/proj/lib/python3.11/site-packages/django/template/base.py", line 511, in parse
    compiled_result = compile_func(self, token)
                      ^^^^^^^^^^^^^^^^^^^^^^^^^
  File "/Users/zhongyu/Projects/Web_app/proj_portal/proj/lib/python3.11/site-packages/django/template/loader_tags.py", line 293, in do_extends
    nodelist = parser.parse()
               ^^^^^^^^^^^^^^
  File "/Users/zhongyu/Projects/Web_app/proj_portal/proj/lib/python3.11/site-packages/django/template/base.py", line 513, in parse
    raise self.error(token, e)
  File "/Users/zhongyu/Projects/Web_app/proj_portal/proj/lib/python3.11/site-packages/django/template/base.py", line 511, in parse
    compiled_result = compile_func(self, token)
                      ^^^^^^^^^^^^^^^^^^^^^^^^^
  File "/Users/zhongyu/Projects/Web_app/proj_portal/proj/lib/python3.11/site-packages/django/template/loader_tags.py", line 232, in do_block
    nodelist = parser.parse(("endblock",))
               ^^^^^^^^^^^^^^^^^^^^^^^^^^^
  File "/Users/zhongyu/Projects/Web_app/proj_portal/proj/lib/python3.11/site-packages/django/template/base.py", line 484, in parse
    raise self.error(token, e)
  File "/Users/zhongyu/Projects/Web_app/proj_portal/proj/lib/python3.11/site-packages/django/template/base.py", line 482, in parse
    filter_expression = self.compile_filter(token.contents)
                        ^^^^^^^^^^^^^^^^^^^^^^^^^^^^^^^^^^^
  File "/Users/zhongyu/Projects/Web_app/proj_portal/proj/lib/python3.11/site-packages/django/template/base.py", line 600, in compile_filter
    return FilterExpression(token, self)
           ^^^^^^^^^^^^^^^^^^^^^^^^^^^^^
  File "/Users/zhongyu/Projects/Web_app/proj_portal/proj/lib/python3.11/site-packages/django/template/base.py", line 703, in __init__
    raise TemplateSyntaxError(
django.template.exceptions.TemplateSyntaxError: Could not parse the remainder: '(completed=True).count' from 'project.tasks.filter(completed=True).count'
ERROR:django.server:[2025-07-11 00:05:17] basehttp.py:187:"GET /projects/project/1/ HTTP/1.1" 500 206735
INFO:django.utils.autoreload:[2025-07-11 00:05:56] autoreload.py:266:/Users/zhongyu/Projects/Web_app/proj_portal/proj_management/project/views.py changed, reloading.
INFO:django.utils.autoreload:[2025-07-11 00:05:56] autoreload.py:677:Watching for file changes with StatReloader
INFO:django.utils.autoreload:[2025-07-11 00:07:24] autoreload.py:266:/Users/zhongyu/Projects/Web_app/proj_portal/proj_management/project/views.py changed, reloading.
INFO:django.utils.autoreload:[2025-07-11 00:07:25] autoreload.py:677:Watching for file changes with StatReloader
INFO:django.server:[2025-07-11 00:08:46] basehttp.py:187:"GET /projects/project/project_card/ HTTP/1.1" 200 190626
WARNING:django.server:[2025-07-11 00:08:46] basehttp.py:187:"GET /projects/project/project_card/assets/img/products/60x60/3.png HTTP/1.1" 404 4894
WARNING:django.server:[2025-07-11 00:08:46] basehttp.py:187:"GET /projects/project/project_card/assets/img/team/40x40/30.webp HTTP/1.1" 404 4888
WARNING:django.server:[2025-07-11 00:08:46] basehttp.py:187:"GET /projects/project/project_card/assets/img/team/40x40/avatar.webp HTTP/1.1" 404 4900
WARNING:django.server:[2025-07-11 00:08:46] basehttp.py:187:"GET /projects/project/project_card/assets/img/nav-icons/slack.webp HTTP/1.1" 404 4894
WARNING:django.server:[2025-07-11 00:08:46] basehttp.py:187:"GET /projects/project/project_card/assets/img/team/40x40/59.webp HTTP/1.1" 404 4888
WARNING:django.server:[2025-07-11 00:08:46] basehttp.py:187:"GET /projects/project/project_card/assets/img/team/40x40/58.webp HTTP/1.1" 404 4888
WARNING:django.server:[2025-07-11 00:08:46] basehttp.py:187:"GET /projects/project/project_card/assets/img/nav-icons/behance.webp HTTP/1.1" 404 4900
WARNING:django.server:[2025-07-11 00:08:46] basehttp.py:187:"GET /projects/project/project_card/assets/img/nav-icons/google-drive.webp HTTP/1.1" 404 4915
WARNING:django.server:[2025-07-11 00:08:46] basehttp.py:187:"GET /projects/project/project_card/assets/img/nav-icons/gitlab.webp HTTP/1.1" 404 4897
WARNING:django.server:[2025-07-11 00:08:46] basehttp.py:187:"GET /projects/project/project_card/assets/img/nav-icons/trello.webp HTTP/1.1" 404 4897
WARNING:django.server:[2025-07-11 00:08:46] basehttp.py:187:"GET /projects/project/project_card/assets/img/nav-icons/google-cloud.webp HTTP/1.1" 404 4915
WARNING:django.server:[2025-07-11 00:08:46] basehttp.py:187:"GET /projects/project/project_card/assets/img/nav-icons/bitbucket.webp HTTP/1.1" 404 4906
WARNING:django.server:[2025-07-11 00:08:46] basehttp.py:187:"GET /projects/project/project_card/assets/img/nav-icons/figma.webp HTTP/1.1" 404 4894
WARNING:django.server:[2025-07-11 00:08:46] basehttp.py:187:"GET /projects/project/project_card/assets/img/nav-icons/pinterest.webp HTTP/1.1" 404 4906
WARNING:django.server:[2025-07-11 00:08:46] basehttp.py:187:"GET /projects/project/project_card/assets/img/nav-icons/ln.webp HTTP/1.1" 404 4885
WARNING:django.server:[2025-07-11 00:08:46] basehttp.py:187:"GET /projects/project/project_card/assets/img/nav-icons/twitter.webp HTTP/1.1" 404 4900
WARNING:django.server:[2025-07-11 00:08:46] basehttp.py:187:"GET /projects/project/project_card/assets/img/nav-icons/google-maps.webp HTTP/1.1" 404 4912
WARNING:django.server:[2025-07-11 00:08:46] basehttp.py:187:"GET /projects/assets/img/generic/43.png HTTP/1.1" 404 4813
WARNING:django.server:[2025-07-11 00:08:46] basehttp.py:187:"GET /projects/project/project_card/assets/img/nav-icons/spotify.webp HTTP/1.1" 404 4900
WARNING:django.server:[2025-07-11 00:08:46] basehttp.py:187:"GET /projects/assets/img/team/58.webp HTTP/1.1" 404 4807
WARNING:django.server:[2025-07-11 00:08:46] basehttp.py:187:"GET /projects/assets/img/team/60.webp HTTP/1.1" 404 4807
WARNING:django.server:[2025-07-11 00:08:46] basehttp.py:187:"GET /projects/assets/img//team/30.webp HTTP/1.1" 404 4810
WARNING:django.server:[2025-07-11 00:08:46] basehttp.py:187:"GET /projects/project/project_card/assets/img/nav-icons/google-photos.webp HTTP/1.1" 404 4918
WARNING:django.server:[2025-07-11 00:08:46] basehttp.py:187:"GET /projects/assets/img/team/34.webp HTTP/1.1" 404 4807
WARNING:django.server:[2025-07-11 00:08:47] basehttp.py:187:"GET /projects/assets/img/team/59.webp HTTP/1.1" 404 4807
WARNING:django.server:[2025-07-11 00:08:47] basehttp.py:187:"GET /projects/assets/img/generic/40.png HTTP/1.1" 404 4813
WARNING:django.server:[2025-07-11 00:08:47] basehttp.py:187:"GET /projects/assets/img/generic/42.png HTTP/1.1" 404 4813
WARNING:django.server:[2025-07-11 00:08:47] basehttp.py:187:"GET /projects/assets/img/team/40x40/12.webp HTTP/1.1" 404 4825
WARNING:django.server:[2025-07-11 00:08:47] basehttp.py:187:"GET /projects/assets/img/team/40x40/10.webp HTTP/1.1" 404 4825
WARNING:django.server:[2025-07-11 00:08:47] basehttp.py:187:"GET /projects/assets/img/products/60x60/3.png HTTP/1.1" 404 4831
INFO:django.server:[2025-07-11 00:08:48] basehttp.py:187:"GET /projects/project/1/ HTTP/1.1" 200 89667
WARNING:django.server:[2025-07-11 00:08:48] basehttp.py:187:"GET /projects/project/1/assets/img/products/60x60/3.png HTTP/1.1" 404 4861
WARNING:django.server:[2025-07-11 00:08:48] basehttp.py:187:"GET /projects/project/1/assets/img/team/40x40/avatar.webp HTTP/1.1" 404 4867
WARNING:django.server:[2025-07-11 00:08:48] basehttp.py:187:"GET /projects/project/1/assets/img/team/40x40/30.webp HTTP/1.1" 404 4855
WARNING:django.server:[2025-07-11 00:08:48] basehttp.py:187:"GET /projects/project/1/assets/img/nav-icons/google-cloud.webp HTTP/1.1" 404 4882
WARNING:django.server:[2025-07-11 00:08:48] basehttp.py:187:"GET /projects/project/1/assets/img/nav-icons/gitlab.webp HTTP/1.1" 404 4864
WARNING:django.server:[2025-07-11 00:08:48] basehttp.py:187:"GET /projects/project/1/assets/img/team/40x40/59.webp HTTP/1.1" 404 4855
WARNING:django.server:[2025-07-11 00:08:48] basehttp.py:187:"GET /projects/project/1/assets/img/nav-icons/behance.webp HTTP/1.1" 404 4867
WARNING:django.server:[2025-07-11 00:08:48] basehttp.py:187:"GET /projects/project/1/assets/img/team/40x40/58.webp HTTP/1.1" 404 4855
WARNING:django.server:[2025-07-11 00:08:48] basehttp.py:187:"GET /projects/project/1/assets/img/nav-icons/slack.webp HTTP/1.1" 404 4861
WARNING:django.server:[2025-07-11 00:08:48] basehttp.py:187:"GET /projects/project/1/assets/img/nav-icons/bitbucket.webp HTTP/1.1" 404 4873
WARNING:django.server:[2025-07-11 00:08:48] basehttp.py:187:"GET /projects/project/1/assets/img/nav-icons/trello.webp HTTP/1.1" 404 4864
WARNING:django.server:[2025-07-11 00:08:48] basehttp.py:187:"GET /projects/project/1/assets/img/nav-icons/google-drive.webp HTTP/1.1" 404 4882
WARNING:django.server:[2025-07-11 00:08:48] basehttp.py:187:"GET /projects/project/1/assets/img/nav-icons/twitter.webp HTTP/1.1" 404 4867
WARNING:django.server:[2025-07-11 00:08:48] basehttp.py:187:"GET /projects/project/1/assets/img/nav-icons/pinterest.webp HTTP/1.1" 404 4873
WARNING:django.server:[2025-07-11 00:08:48] basehttp.py:187:"GET /projects/project/1/assets/img/nav-icons/figma.webp HTTP/1.1" 404 4861
WARNING:django.server:[2025-07-11 00:08:48] basehttp.py:187:"GET /projects/project/1/assets/img/nav-icons/ln.webp HTTP/1.1" 404 4852
WARNING:django.server:[2025-07-11 00:08:48] basehttp.py:187:"GET /projects/project/1/assets/img/nav-icons/google-maps.webp HTTP/1.1" 404 4879
WARNING:django.server:[2025-07-11 00:08:48] basehttp.py:187:"GET /projects/project/1/assets/img/nav-icons/google-photos.webp HTTP/1.1" 404 4885
WARNING:django.server:[2025-07-11 00:08:48] basehttp.py:187:"GET /projects/project/1/assets/img/nav-icons/spotify.webp HTTP/1.1" 404 4867
WARNING:django.server:[2025-07-11 00:08:48] basehttp.py:187:"GET /projects/project/1/assets/img/products/60x60/3.png HTTP/1.1" 404 4861
INFO:django.utils.autoreload:[2025-07-11 00:10:15] autoreload.py:266:/Users/zhongyu/Projects/Web_app/proj_portal/proj_management/project/views.py changed, reloading.
INFO:django.utils.autoreload:[2025-07-11 00:10:16] autoreload.py:677:Watching for file changes with StatReloader
INFO:django.utils.autoreload:[2025-07-11 00:10:23] autoreload.py:266:/Users/zhongyu/Projects/Web_app/proj_portal/proj_management/project/urls.py changed, reloading.
INFO:django.utils.autoreload:[2025-07-11 00:10:23] autoreload.py:677:Watching for file changes with StatReloader
INFO:django.server:[2025-07-11 00:11:16] basehttp.py:187:"GET /projects/project/project_card/ HTTP/1.1" 200 190635
WARNING:django.server:[2025-07-11 00:11:16] basehttp.py:187:"GET /projects/project/project_card/assets/img/team/40x40/30.webp HTTP/1.1" 404 5102
WARNING:django.server:[2025-07-11 00:11:16] basehttp.py:187:"GET /projects/project/project_card/assets/img/products/60x60/3.png HTTP/1.1" 404 5108
WARNING:django.server:[2025-07-11 00:11:16] basehttp.py:187:"GET /projects/project/project_card/assets/img/team/40x40/avatar.webp HTTP/1.1" 404 5114
WARNING:django.server:[2025-07-11 00:11:17] basehttp.py:187:"GET /projects/project/project_card/assets/img/team/40x40/59.webp HTTP/1.1" 404 5102
WARNING:django.server:[2025-07-11 00:11:17] basehttp.py:187:"GET /projects/project/project_card/assets/img/nav-icons/google-cloud.webp HTTP/1.1" 404 5129
WARNING:django.server:[2025-07-11 00:11:17] basehttp.py:187:"GET /projects/project/project_card/assets/img/nav-icons/slack.webp HTTP/1.1" 404 5108
WARNING:django.server:[2025-07-11 00:11:17] basehttp.py:187:"GET /projects/project/project_card/assets/img/nav-icons/bitbucket.webp HTTP/1.1" 404 5120
WARNING:django.server:[2025-07-11 00:11:17] basehttp.py:187:"GET /projects/project/project_card/assets/img/nav-icons/behance.webp HTTP/1.1" 404 5114
WARNING:django.server:[2025-07-11 00:11:17] basehttp.py:187:"GET /projects/project/project_card/assets/img/nav-icons/trello.webp HTTP/1.1" 404 5111
WARNING:django.server:[2025-07-11 00:11:17] basehttp.py:187:"GET /projects/project/project_card/assets/img/nav-icons/google-drive.webp HTTP/1.1" 404 5129
WARNING:django.server:[2025-07-11 00:11:17] basehttp.py:187:"GET /projects/project/project_card/assets/img/team/40x40/58.webp HTTP/1.1" 404 5102
WARNING:django.server:[2025-07-11 00:11:17] basehttp.py:187:"GET /projects/project/project_card/assets/img/nav-icons/gitlab.webp HTTP/1.1" 404 5111
WARNING:django.server:[2025-07-11 00:11:17] basehttp.py:187:"GET /projects/project/project_card/assets/img/nav-icons/figma.webp HTTP/1.1" 404 5108
WARNING:django.server:[2025-07-11 00:11:17] basehttp.py:187:"GET /projects/project/project_card/assets/img/nav-icons/ln.webp HTTP/1.1" 404 5099
WARNING:django.server:[2025-07-11 00:11:17] basehttp.py:187:"GET /projects/project/project_card/assets/img/nav-icons/twitter.webp HTTP/1.1" 404 5114
WARNING:django.server:[2025-07-11 00:11:17] basehttp.py:187:"GET /projects/project/project_card/assets/img/nav-icons/google-maps.webp HTTP/1.1" 404 5126
WARNING:django.server:[2025-07-11 00:11:17] basehttp.py:187:"GET /projects/project/project_card/assets/img/nav-icons/spotify.webp HTTP/1.1" 404 5114
WARNING:django.server:[2025-07-11 00:11:17] basehttp.py:187:"GET /projects/project/project_card/assets/img/nav-icons/pinterest.webp HTTP/1.1" 404 5120
WARNING:django.server:[2025-07-11 00:11:17] basehttp.py:187:"GET /projects/project/project_card/assets/img/nav-icons/google-photos.webp HTTP/1.1" 404 5132
WARNING:django.server:[2025-07-11 00:11:17] basehttp.py:187:"GET /projects/assets/img/generic/43.png HTTP/1.1" 404 5027
WARNING:django.server:[2025-07-11 00:11:17] basehttp.py:187:"GET /projects/assets/img/team/58.webp HTTP/1.1" 404 5021
WARNING:django.server:[2025-07-11 00:11:17] basehttp.py:187:"GET /projects/assets/img/team/60.webp HTTP/1.1" 404 5021
WARNING:django.server:[2025-07-11 00:11:17] basehttp.py:187:"GET /projects/assets/img/team/34.webp HTTP/1.1" 404 5021
WARNING:django.server:[2025-07-11 00:11:17] basehttp.py:187:"GET /projects/assets/img/team/59.webp HTTP/1.1" 404 5021
WARNING:django.server:[2025-07-11 00:11:17] basehttp.py:187:"GET /projects/assets/img/generic/42.png HTTP/1.1" 404 5027
WARNING:django.server:[2025-07-11 00:11:17] basehttp.py:187:"GET /projects/assets/img//team/30.webp HTTP/1.1" 404 5024
WARNING:django.server:[2025-07-11 00:11:17] basehttp.py:187:"GET /projects/assets/img/generic/40.png HTTP/1.1" 404 5027
WARNING:django.server:[2025-07-11 00:11:17] basehttp.py:187:"GET /projects/assets/img/products/60x60/3.png HTTP/1.1" 404 5045
WARNING:django.server:[2025-07-11 00:11:17] basehttp.py:187:"GET /projects/assets/img/team/40x40/12.webp HTTP/1.1" 404 5039
WARNING:django.server:[2025-07-11 00:11:17] basehttp.py:187:"GET /projects/assets/img/team/40x40/10.webp HTTP/1.1" 404 5039
INFO:django.utils.autoreload:[2025-07-11 00:12:19] autoreload.py:677:Watching for file changes with StatReloader
INFO:django.server:[2025-07-11 00:12:34] basehttp.py:187:"GET /projects/project/project_card/ HTTP/1.1" 200 190635
WARNING:django.server:[2025-07-11 00:12:34] basehttp.py:187:"GET /projects/project/project_card/assets/img/products/60x60/3.png HTTP/1.1" 404 5108
WARNING:django.server:[2025-07-11 00:12:34] basehttp.py:187:"GET /projects/project/project_card/assets/img/team/40x40/avatar.webp HTTP/1.1" 404 5114
WARNING:django.server:[2025-07-11 00:12:34] basehttp.py:187:"GET /projects/project/project_card/assets/img/team/40x40/30.webp HTTP/1.1" 404 5102
WARNING:django.server:[2025-07-11 00:12:34] basehttp.py:187:"GET /projects/project/project_card/assets/img/nav-icons/google-cloud.webp HTTP/1.1" 404 5129
WARNING:django.server:[2025-07-11 00:12:34] basehttp.py:187:"GET /projects/project/project_card/assets/img/team/40x40/58.webp HTTP/1.1" 404 5102
WARNING:django.server:[2025-07-11 00:12:34] basehttp.py:187:"GET /projects/project/project_card/assets/img/nav-icons/behance.webp HTTP/1.1" 404 5114
WARNING:django.server:[2025-07-11 00:12:34] basehttp.py:187:"GET /projects/project/project_card/assets/img/team/40x40/59.webp HTTP/1.1" 404 5102
WARNING:django.server:[2025-07-11 00:12:34] basehttp.py:187:"GET /projects/project/project_card/assets/img/nav-icons/gitlab.webp HTTP/1.1" 404 5111
WARNING:django.server:[2025-07-11 00:12:34] basehttp.py:187:"GET /projects/project/project_card/assets/img/nav-icons/slack.webp HTTP/1.1" 404 5108
WARNING:django.server:[2025-07-11 00:12:34] basehttp.py:187:"GET /projects/project/project_card/assets/img/nav-icons/bitbucket.webp HTTP/1.1" 404 5120
WARNING:django.server:[2025-07-11 00:12:34] basehttp.py:187:"GET /projects/project/project_card/assets/img/nav-icons/google-drive.webp HTTP/1.1" 404 5129
WARNING:django.server:[2025-07-11 00:12:34] basehttp.py:187:"GET /projects/project/project_card/assets/img/nav-icons/twitter.webp HTTP/1.1" 404 5114
WARNING:django.server:[2025-07-11 00:12:34] basehttp.py:187:"GET /projects/project/project_card/assets/img/nav-icons/trello.webp HTTP/1.1" 404 5111
WARNING:django.server:[2025-07-11 00:12:34] basehttp.py:187:"GET /projects/project/project_card/assets/img/nav-icons/figma.webp HTTP/1.1" 404 5108
WARNING:django.server:[2025-07-11 00:12:34] basehttp.py:187:"GET /projects/project/project_card/assets/img/nav-icons/google-photos.webp HTTP/1.1" 404 5132
WARNING:django.server:[2025-07-11 00:12:34] basehttp.py:187:"GET /projects/project/project_card/assets/img/nav-icons/pinterest.webp HTTP/1.1" 404 5120
WARNING:django.server:[2025-07-11 00:12:34] basehttp.py:187:"GET /projects/project/project_card/assets/img/nav-icons/ln.webp HTTP/1.1" 404 5099
WARNING:django.server:[2025-07-11 00:12:34] basehttp.py:187:"GET /projects/project/project_card/assets/img/nav-icons/spotify.webp HTTP/1.1" 404 5114
WARNING:django.server:[2025-07-11 00:12:34] basehttp.py:187:"GET /projects/project/project_card/assets/img/nav-icons/google-maps.webp HTTP/1.1" 404 5126
WARNING:django.server:[2025-07-11 00:12:34] basehttp.py:187:"GET /projects/assets/img/generic/43.png HTTP/1.1" 404 5027
WARNING:django.server:[2025-07-11 00:12:34] basehttp.py:187:"GET /projects/assets/img/team/58.webp HTTP/1.1" 404 5021
WARNING:django.server:[2025-07-11 00:12:34] basehttp.py:187:"GET /projects/assets/img/team/60.webp HTTP/1.1" 404 5021
WARNING:django.server:[2025-07-11 00:12:34] basehttp.py:187:"GET /projects/assets/img/generic/42.png HTTP/1.1" 404 5027
WARNING:django.server:[2025-07-11 00:12:34] basehttp.py:187:"GET /projects/assets/img/team/59.webp HTTP/1.1" 404 5021
WARNING:django.server:[2025-07-11 00:12:34] basehttp.py:187:"GET /projects/assets/img//team/30.webp HTTP/1.1" 404 5024
WARNING:django.server:[2025-07-11 00:12:34] basehttp.py:187:"GET /projects/assets/img/generic/40.png HTTP/1.1" 404 5027
WARNING:django.server:[2025-07-11 00:12:34] basehttp.py:187:"GET /projects/assets/img/team/40x40/10.webp HTTP/1.1" 404 5039
WARNING:django.server:[2025-07-11 00:12:34] basehttp.py:187:"GET /projects/assets/img/team/34.webp HTTP/1.1" 404 5021
WARNING:django.server:[2025-07-11 00:12:34] basehttp.py:187:"GET /projects/assets/img/products/60x60/3.png HTTP/1.1" 404 5045
WARNING:django.server:[2025-07-11 00:12:34] basehttp.py:187:"GET /projects/assets/img/team/40x40/12.webp HTTP/1.1" 404 5039
WARNING:django.server:[2025-07-11 00:12:34] basehttp.py:187:"GET /projects/project/project_card/assets/img/products/60x60/3.png HTTP/1.1" 404 5108
INFO:django.server:[2025-07-11 00:12:36] basehttp.py:187:"GET /projects/project/project_list/ HTTP/1.1" 200 110235
WARNING:django.server:[2025-07-11 00:12:36] basehttp.py:187:"GET /projects/project/project_list/assets/img/products/60x60/3.png HTTP/1.1" 404 5108
WARNING:django.server:[2025-07-11 00:12:36] basehttp.py:187:"GET /projects/project/project_list/assets/img/team/40x40/30.webp HTTP/1.1" 404 5102
WARNING:django.server:[2025-07-11 00:12:36] basehttp.py:187:"GET /projects/project/project_list/assets/img/team/40x40/avatar.webp HTTP/1.1" 404 5114
WARNING:django.server:[2025-07-11 00:12:36] basehttp.py:187:"GET /projects/project/project_list/assets/img/nav-icons/behance.webp HTTP/1.1" 404 5114
WARNING:django.server:[2025-07-11 00:12:36] basehttp.py:187:"GET /projects/project/project_list/assets/img/nav-icons/google-cloud.webp HTTP/1.1" 404 5129
WARNING:django.server:[2025-07-11 00:12:36] basehttp.py:187:"GET /projects/project/project_list/assets/img/team/40x40/59.webp HTTP/1.1" 404 5102
WARNING:django.server:[2025-07-11 00:12:36] basehttp.py:187:"GET /projects/project/project_list/assets/img/team/40x40/58.webp HTTP/1.1" 404 5102
WARNING:django.server:[2025-07-11 00:12:36] basehttp.py:187:"GET /projects/project/project_list/assets/img/nav-icons/slack.webp HTTP/1.1" 404 5108
WARNING:django.server:[2025-07-11 00:12:36] basehttp.py:187:"GET /projects/project/project_list/assets/img/nav-icons/gitlab.webp HTTP/1.1" 404 5111
WARNING:django.server:[2025-07-11 00:12:36] basehttp.py:187:"GET /projects/project/project_list/assets/img/nav-icons/bitbucket.webp HTTP/1.1" 404 5120
WARNING:django.server:[2025-07-11 00:12:36] basehttp.py:187:"GET /projects/project/project_list/assets/img/nav-icons/google-drive.webp HTTP/1.1" 404 5129
WARNING:django.server:[2025-07-11 00:12:36] basehttp.py:187:"GET /projects/project/project_list/assets/img/nav-icons/figma.webp HTTP/1.1" 404 5108
WARNING:django.server:[2025-07-11 00:12:36] basehttp.py:187:"GET /projects/project/project_list/assets/img/nav-icons/twitter.webp HTTP/1.1" 404 5114
WARNING:django.server:[2025-07-11 00:12:36] basehttp.py:187:"GET /projects/project/project_list/assets/img/nav-icons/pinterest.webp HTTP/1.1" 404 5120
WARNING:django.server:[2025-07-11 00:12:36] basehttp.py:187:"GET /projects/project/project_list/assets/img/nav-icons/trello.webp HTTP/1.1" 404 5111
WARNING:django.server:[2025-07-11 00:12:36] basehttp.py:187:"GET /projects/project/project_list/assets/img/nav-icons/ln.webp HTTP/1.1" 404 5099
WARNING:django.server:[2025-07-11 00:12:36] basehttp.py:187:"GET /projects/project/project_list/assets/img/nav-icons/google-maps.webp HTTP/1.1" 404 5126
WARNING:django.server:[2025-07-11 00:12:36] basehttp.py:187:"GET /projects/assets/img/products/60x60/3.png HTTP/1.1" 404 5045
WARNING:django.server:[2025-07-11 00:12:36] basehttp.py:187:"GET /projects/project/project_list/assets/img/nav-icons/google-photos.webp HTTP/1.1" 404 5132
WARNING:django.server:[2025-07-11 00:12:36] basehttp.py:187:"GET /projects/project/project_list/assets/img/nav-icons/spotify.webp HTTP/1.1" 404 5114
WARNING:django.server:[2025-07-11 00:12:36] basehttp.py:187:"GET /projects/project/project_list/assets/img/products/60x60/3.png HTTP/1.1" 404 5108
WARNING:django.server:[2025-07-11 00:12:36] basehttp.py:187:"GET /projects/assets/img/team/40x40/10.webp HTTP/1.1" 404 5039
WARNING:django.server:[2025-07-11 00:12:36] basehttp.py:187:"GET /projects/assets/img/team/40x40/12.webp HTTP/1.1" 404 5039
INFO:django.server:[2025-07-11 00:12:45] basehttp.py:187:"GET /projects/1/task/create/ HTTP/1.1" 200 83847
WARNING:django.server:[2025-07-11 00:12:45] basehttp.py:187:"GET /projects/1/task/create/assets/img/products/60x60/3.png HTTP/1.1" 404 5087
WARNING:django.server:[2025-07-11 00:12:45] basehttp.py:187:"GET /projects/1/task/create/assets/img/team/40x40/30.webp HTTP/1.1" 404 5081
WARNING:django.server:[2025-07-11 00:12:45] basehttp.py:187:"GET /projects/1/task/create/assets/img/team/40x40/avatar.webp HTTP/1.1" 404 5093
WARNING:django.server:[2025-07-11 00:12:45] basehttp.py:187:"GET /projects/1/task/create/assets/img/team/40x40/59.webp HTTP/1.1" 404 5081
WARNING:django.server:[2025-07-11 00:12:45] basehttp.py:187:"GET /projects/1/task/create/assets/img/nav-icons/gitlab.webp HTTP/1.1" 404 5090
WARNING:django.server:[2025-07-11 00:12:45] basehttp.py:187:"GET /projects/1/task/create/assets/img/nav-icons/bitbucket.webp HTTP/1.1" 404 5099
WARNING:django.server:[2025-07-11 00:12:45] basehttp.py:187:"GET /projects/1/task/create/assets/img/team/40x40/58.webp HTTP/1.1" 404 5081
WARNING:django.server:[2025-07-11 00:12:45] basehttp.py:187:"GET /projects/1/task/create/assets/img/nav-icons/google-cloud.webp HTTP/1.1" 404 5108
WARNING:django.server:[2025-07-11 00:12:45] basehttp.py:187:"GET /projects/1/task/create/assets/img/nav-icons/behance.webp HTTP/1.1" 404 5093
WARNING:django.server:[2025-07-11 00:12:45] basehttp.py:187:"GET /projects/1/task/create/assets/img/nav-icons/slack.webp HTTP/1.1" 404 5087
WARNING:django.server:[2025-07-11 00:12:45] basehttp.py:187:"GET /projects/1/task/create/assets/img/nav-icons/figma.webp HTTP/1.1" 404 5087
WARNING:django.server:[2025-07-11 00:12:45] basehttp.py:187:"GET /projects/1/task/create/assets/img/nav-icons/google-drive.webp HTTP/1.1" 404 5108
WARNING:django.server:[2025-07-11 00:12:45] basehttp.py:187:"GET /projects/1/task/create/assets/img/nav-icons/trello.webp HTTP/1.1" 404 5090
WARNING:django.server:[2025-07-11 00:12:45] basehttp.py:187:"GET /projects/1/task/create/assets/img/nav-icons/ln.webp HTTP/1.1" 404 5078
WARNING:django.server:[2025-07-11 00:12:45] basehttp.py:187:"GET /projects/1/task/create/assets/img/nav-icons/twitter.webp HTTP/1.1" 404 5093
WARNING:django.server:[2025-07-11 00:12:45] basehttp.py:187:"GET /projects/1/task/create/assets/img/nav-icons/pinterest.webp HTTP/1.1" 404 5099
WARNING:django.server:[2025-07-11 00:12:45] basehttp.py:187:"GET /projects/1/task/create/assets/img/nav-icons/google-photos.webp HTTP/1.1" 404 5111
WARNING:django.server:[2025-07-11 00:12:45] basehttp.py:187:"GET /projects/1/task/create/assets/img/products/60x60/3.png HTTP/1.1" 404 5087
WARNING:django.server:[2025-07-11 00:12:45] basehttp.py:187:"GET /projects/1/task/create/assets/img/nav-icons/google-maps.webp HTTP/1.1" 404 5105
WARNING:django.server:[2025-07-11 00:12:45] basehttp.py:187:"GET /projects/1/task/create/assets/img/nav-icons/spotify.webp HTTP/1.1" 404 5093
INFO:django.server:[2025-07-11 00:12:53] basehttp.py:187:"GET /projects/project/project_card/ HTTP/1.1" 200 190635
WARNING:django.server:[2025-07-11 00:12:53] basehttp.py:187:"GET /projects/project/project_card/assets/img/products/60x60/3.png HTTP/1.1" 404 5108
WARNING:django.server:[2025-07-11 00:12:53] basehttp.py:187:"GET /projects/project/project_card/assets/img/team/40x40/30.webp HTTP/1.1" 404 5102
WARNING:django.server:[2025-07-11 00:12:53] basehttp.py:187:"GET /projects/project/project_card/assets/img/team/40x40/59.webp HTTP/1.1" 404 5102
WARNING:django.server:[2025-07-11 00:12:53] basehttp.py:187:"GET /projects/project/project_card/assets/img/team/40x40/avatar.webp HTTP/1.1" 404 5114
WARNING:django.server:[2025-07-11 00:12:53] basehttp.py:187:"GET /projects/project/project_card/assets/img/nav-icons/behance.webp HTTP/1.1" 404 5114
WARNING:django.server:[2025-07-11 00:12:53] basehttp.py:187:"GET /projects/project/project_card/assets/img/nav-icons/google-cloud.webp HTTP/1.1" 404 5129
WARNING:django.server:[2025-07-11 00:12:53] basehttp.py:187:"GET /projects/project/project_card/assets/img/nav-icons/slack.webp HTTP/1.1" 404 5108
WARNING:django.server:[2025-07-11 00:12:53] basehttp.py:187:"GET /projects/project/project_card/assets/img/team/40x40/58.webp HTTP/1.1" 404 5102
WARNING:django.server:[2025-07-11 00:12:53] basehttp.py:187:"GET /projects/project/project_card/assets/img/nav-icons/gitlab.webp HTTP/1.1" 404 5111
WARNING:django.server:[2025-07-11 00:12:53] basehttp.py:187:"GET /projects/project/project_card/assets/img/nav-icons/bitbucket.webp HTTP/1.1" 404 5120
WARNING:django.server:[2025-07-11 00:12:53] basehttp.py:187:"GET /projects/project/project_card/assets/img/nav-icons/trello.webp HTTP/1.1" 404 5111
WARNING:django.server:[2025-07-11 00:12:53] basehttp.py:187:"GET /projects/project/project_card/assets/img/nav-icons/google-drive.webp HTTP/1.1" 404 5129
WARNING:django.server:[2025-07-11 00:12:53] basehttp.py:187:"GET /projects/project/project_card/assets/img/nav-icons/twitter.webp HTTP/1.1" 404 5114
WARNING:django.server:[2025-07-11 00:12:53] basehttp.py:187:"GET /projects/project/project_card/assets/img/nav-icons/figma.webp HTTP/1.1" 404 5108
WARNING:django.server:[2025-07-11 00:12:53] basehttp.py:187:"GET /projects/project/project_card/assets/img/nav-icons/ln.webp HTTP/1.1" 404 5099
WARNING:django.server:[2025-07-11 00:12:53] basehttp.py:187:"GET /projects/project/project_card/assets/img/nav-icons/pinterest.webp HTTP/1.1" 404 5120
WARNING:django.server:[2025-07-11 00:12:53] basehttp.py:187:"GET /projects/project/project_card/assets/img/nav-icons/google-photos.webp HTTP/1.1" 404 5132
WARNING:django.server:[2025-07-11 00:12:53] basehttp.py:187:"GET /projects/project/project_card/assets/img/nav-icons/google-maps.webp HTTP/1.1" 404 5126
WARNING:django.server:[2025-07-11 00:12:53] basehttp.py:187:"GET /projects/assets/img/team/60.webp HTTP/1.1" 404 5021
WARNING:django.server:[2025-07-11 00:12:53] basehttp.py:187:"GET /projects/assets/img/generic/43.png HTTP/1.1" 404 5027
WARNING:django.server:[2025-07-11 00:12:53] basehttp.py:187:"GET /projects/project/project_card/assets/img/nav-icons/spotify.webp HTTP/1.1" 404 5114
WARNING:django.server:[2025-07-11 00:12:53] basehttp.py:187:"GET /projects/assets/img/team/59.webp HTTP/1.1" 404 5021
WARNING:django.server:[2025-07-11 00:12:53] basehttp.py:187:"GET /projects/assets/img/team/58.webp HTTP/1.1" 404 5021
WARNING:django.server:[2025-07-11 00:12:53] basehttp.py:187:"GET /projects/assets/img/team/34.webp HTTP/1.1" 404 5021
WARNING:django.server:[2025-07-11 00:12:53] basehttp.py:187:"GET /projects/assets/img/generic/42.png HTTP/1.1" 404 5027
WARNING:django.server:[2025-07-11 00:12:53] basehttp.py:187:"GET /projects/assets/img//team/30.webp HTTP/1.1" 404 5024
WARNING:django.server:[2025-07-11 00:12:53] basehttp.py:187:"GET /projects/assets/img/generic/40.png HTTP/1.1" 404 5027
WARNING:django.server:[2025-07-11 00:12:53] basehttp.py:187:"GET /projects/assets/img/products/60x60/3.png HTTP/1.1" 404 5045
WARNING:django.server:[2025-07-11 00:12:53] basehttp.py:187:"GET /projects/assets/img/team/40x40/10.webp HTTP/1.1" 404 5039
WARNING:django.server:[2025-07-11 00:12:53] basehttp.py:187:"GET /projects/assets/img/team/40x40/12.webp HTTP/1.1" 404 5039
WARNING:django.server:[2025-07-11 00:12:53] basehttp.py:187:"GET /projects/project/project_card/assets/img/products/60x60/3.png HTTP/1.1" 404 5108
INFO:django.utils.autoreload:[2025-07-11 00:13:25] autoreload.py:266:/Users/zhongyu/Projects/Web_app/proj_portal/proj_management/project/urls.py changed, reloading.
INFO:django.utils.autoreload:[2025-07-11 00:13:25] autoreload.py:677:Watching for file changes with StatReloader
INFO:django.utils.autoreload:[2025-07-11 00:13:26] autoreload.py:266:/Users/zhongyu/Projects/Web_app/proj_portal/proj_management/project/views.py changed, reloading.
INFO:django.utils.autoreload:[2025-07-11 00:13:26] autoreload.py:677:Watching for file changes with StatReloader
INFO:django.server:[2025-07-11 00:13:27] basehttp.py:187:"GET /projects/project/project_card/ HTTP/1.1" 200 190626
WARNING:django.server:[2025-07-11 00:13:27] basehttp.py:187:"GET /projects/project/project_card/assets/img/products/60x60/3.png HTTP/1.1" 404 4894
WARNING:django.server:[2025-07-11 00:13:27] basehttp.py:187:"GET /projects/project/project_card/assets/img/team/40x40/30.webp HTTP/1.1" 404 4888
WARNING:django.server:[2025-07-11 00:13:27] basehttp.py:187:"GET /projects/project/project_card/assets/img/team/40x40/avatar.webp HTTP/1.1" 404 4900
WARNING:django.server:[2025-07-11 00:13:27] basehttp.py:187:"GET /projects/project/project_card/assets/img/nav-icons/behance.webp HTTP/1.1" 404 4900
WARNING:django.server:[2025-07-11 00:13:27] basehttp.py:187:"GET /projects/project/project_card/assets/img/team/40x40/59.webp HTTP/1.1" 404 4888
WARNING:django.server:[2025-07-11 00:13:27] basehttp.py:187:"GET /projects/project/project_card/assets/img/nav-icons/slack.webp HTTP/1.1" 404 4894
WARNING:django.server:[2025-07-11 00:13:27] basehttp.py:187:"GET /projects/project/project_card/assets/img/nav-icons/google-cloud.webp HTTP/1.1" 404 4915
WARNING:django.server:[2025-07-11 00:13:27] basehttp.py:187:"GET /projects/project/project_card/assets/img/team/40x40/58.webp HTTP/1.1" 404 4888
WARNING:django.server:[2025-07-11 00:13:27] basehttp.py:187:"GET /projects/project/project_card/assets/img/nav-icons/gitlab.webp HTTP/1.1" 404 4897
WARNING:django.server:[2025-07-11 00:13:27] basehttp.py:187:"GET /projects/project/project_card/assets/img/nav-icons/bitbucket.webp HTTP/1.1" 404 4906
WARNING:django.server:[2025-07-11 00:13:27] basehttp.py:187:"GET /projects/project/project_card/assets/img/nav-icons/trello.webp HTTP/1.1" 404 4897
WARNING:django.server:[2025-07-11 00:13:27] basehttp.py:187:"GET /projects/project/project_card/assets/img/nav-icons/google-drive.webp HTTP/1.1" 404 4915
WARNING:django.server:[2025-07-11 00:13:27] basehttp.py:187:"GET /projects/project/project_card/assets/img/nav-icons/figma.webp HTTP/1.1" 404 4894
WARNING:django.server:[2025-07-11 00:13:27] basehttp.py:187:"GET /projects/project/project_card/assets/img/nav-icons/twitter.webp HTTP/1.1" 404 4900
WARNING:django.server:[2025-07-11 00:13:27] basehttp.py:187:"GET /projects/project/project_card/assets/img/nav-icons/spotify.webp HTTP/1.1" 404 4900
WARNING:django.server:[2025-07-11 00:13:27] basehttp.py:187:"GET /projects/project/project_card/assets/img/nav-icons/ln.webp HTTP/1.1" 404 4885
WARNING:django.server:[2025-07-11 00:13:27] basehttp.py:187:"GET /projects/project/project_card/assets/img/nav-icons/pinterest.webp HTTP/1.1" 404 4906
WARNING:django.server:[2025-07-11 00:13:27] basehttp.py:187:"GET /projects/project/project_card/assets/img/nav-icons/google-photos.webp HTTP/1.1" 404 4918
WARNING:django.server:[2025-07-11 00:13:27] basehttp.py:187:"GET /projects/project/project_card/assets/img/nav-icons/google-maps.webp HTTP/1.1" 404 4912
WARNING:django.server:[2025-07-11 00:13:27] basehttp.py:187:"GET /projects/assets/img/generic/43.png HTTP/1.1" 404 4813
WARNING:django.server:[2025-07-11 00:13:27] basehttp.py:187:"GET /projects/assets/img/team/60.webp HTTP/1.1" 404 4807
WARNING:django.server:[2025-07-11 00:13:27] basehttp.py:187:"GET /projects/assets/img/team/34.webp HTTP/1.1" 404 4807
WARNING:django.server:[2025-07-11 00:13:27] basehttp.py:187:"GET /projects/assets/img/generic/42.png HTTP/1.1" 404 4813
WARNING:django.server:[2025-07-11 00:13:27] basehttp.py:187:"GET /projects/assets/img/team/59.webp HTTP/1.1" 404 4807
WARNING:django.server:[2025-07-11 00:13:27] basehttp.py:187:"GET /projects/assets/img//team/30.webp HTTP/1.1" 404 4810
WARNING:django.server:[2025-07-11 00:13:27] basehttp.py:187:"GET /projects/assets/img/team/58.webp HTTP/1.1" 404 4807
WARNING:django.server:[2025-07-11 00:13:27] basehttp.py:187:"GET /projects/assets/img/generic/40.png HTTP/1.1" 404 4813
WARNING:django.server:[2025-07-11 00:13:27] basehttp.py:187:"GET /projects/assets/img/products/60x60/3.png HTTP/1.1" 404 4831
WARNING:django.server:[2025-07-11 00:13:27] basehttp.py:187:"GET /projects/assets/img/team/40x40/10.webp HTTP/1.1" 404 4825
WARNING:django.server:[2025-07-11 00:13:27] basehttp.py:187:"GET /projects/assets/img/team/40x40/12.webp HTTP/1.1" 404 4825
INFO:django.server:[2025-07-11 00:13:28] basehttp.py:187:"GET /projects/project/project_card/ HTTP/1.1" 200 190626
WARNING:django.server:[2025-07-11 00:13:28] basehttp.py:187:"GET /projects/project/project_card/assets/img/products/60x60/3.png HTTP/1.1" 404 4894
WARNING:django.server:[2025-07-11 00:13:28] basehttp.py:187:"GET /projects/project/project_card/assets/img/team/40x40/30.webp HTTP/1.1" 404 4888
WARNING:django.server:[2025-07-11 00:13:28] basehttp.py:187:"GET /projects/project/project_card/assets/img/team/40x40/avatar.webp HTTP/1.1" 404 4900
WARNING:django.server:[2025-07-11 00:13:28] basehttp.py:187:"GET /projects/project/project_card/assets/img/nav-icons/slack.webp HTTP/1.1" 404 4894
WARNING:django.server:[2025-07-11 00:13:28] basehttp.py:187:"GET /projects/project/project_card/assets/img/team/40x40/59.webp HTTP/1.1" 404 4888
WARNING:django.server:[2025-07-11 00:13:28] basehttp.py:187:"GET /projects/project/project_card/assets/img/nav-icons/gitlab.webp HTTP/1.1" 404 4897
WARNING:django.server:[2025-07-11 00:13:28] basehttp.py:187:"GET /projects/project/project_card/assets/img/team/40x40/58.webp HTTP/1.1" 404 4888
WARNING:django.server:[2025-07-11 00:13:28] basehttp.py:187:"GET /projects/project/project_card/assets/img/nav-icons/google-cloud.webp HTTP/1.1" 404 4915
WARNING:django.server:[2025-07-11 00:13:28] basehttp.py:187:"GET /projects/project/project_card/assets/img/nav-icons/behance.webp HTTP/1.1" 404 4900
WARNING:django.server:[2025-07-11 00:13:28] basehttp.py:187:"GET /projects/project/project_card/assets/img/nav-icons/google-drive.webp HTTP/1.1" 404 4915
WARNING:django.server:[2025-07-11 00:13:28] basehttp.py:187:"GET /projects/project/project_card/assets/img/nav-icons/bitbucket.webp HTTP/1.1" 404 4906
WARNING:django.server:[2025-07-11 00:13:28] basehttp.py:187:"GET /projects/project/project_card/assets/img/nav-icons/figma.webp HTTP/1.1" 404 4894
WARNING:django.server:[2025-07-11 00:13:28] basehttp.py:187:"GET /projects/project/project_card/assets/img/nav-icons/twitter.webp HTTP/1.1" 404 4900
WARNING:django.server:[2025-07-11 00:13:28] basehttp.py:187:"GET /projects/project/project_card/assets/img/nav-icons/trello.webp HTTP/1.1" 404 4897
WARNING:django.server:[2025-07-11 00:13:28] basehttp.py:187:"GET /projects/project/project_card/assets/img/nav-icons/ln.webp HTTP/1.1" 404 4885
WARNING:django.server:[2025-07-11 00:13:28] basehttp.py:187:"GET /projects/project/project_card/assets/img/nav-icons/pinterest.webp HTTP/1.1" 404 4906
WARNING:django.server:[2025-07-11 00:13:28] basehttp.py:187:"GET /projects/project/project_card/assets/img/nav-icons/google-maps.webp HTTP/1.1" 404 4912
WARNING:django.server:[2025-07-11 00:13:28] basehttp.py:187:"GET /projects/project/project_card/assets/img/nav-icons/spotify.webp HTTP/1.1" 404 4900
WARNING:django.server:[2025-07-11 00:13:28] basehttp.py:187:"GET /projects/project/project_card/assets/img/nav-icons/google-photos.webp HTTP/1.1" 404 4918
WARNING:django.server:[2025-07-11 00:13:28] basehttp.py:187:"GET /projects/assets/img/generic/43.png HTTP/1.1" 404 4813
WARNING:django.server:[2025-07-11 00:13:28] basehttp.py:187:"GET /projects/assets/img/team/58.webp HTTP/1.1" 404 4807
WARNING:django.server:[2025-07-11 00:13:28] basehttp.py:187:"GET /projects/assets/img/team/59.webp HTTP/1.1" 404 4807
WARNING:django.server:[2025-07-11 00:13:28] basehttp.py:187:"GET /projects/assets/img/team/60.webp HTTP/1.1" 404 4807
WARNING:django.server:[2025-07-11 00:13:28] basehttp.py:187:"GET /projects/assets/img/team/34.webp HTTP/1.1" 404 4807
WARNING:django.server:[2025-07-11 00:13:28] basehttp.py:187:"GET /projects/assets/img/generic/42.png HTTP/1.1" 404 4813
WARNING:django.server:[2025-07-11 00:13:28] basehttp.py:187:"GET /projects/assets/img//team/30.webp HTTP/1.1" 404 4810
WARNING:django.server:[2025-07-11 00:13:28] basehttp.py:187:"GET /projects/assets/img/team/40x40/12.webp HTTP/1.1" 404 4825
WARNING:django.server:[2025-07-11 00:13:28] basehttp.py:187:"GET /projects/assets/img/generic/40.png HTTP/1.1" 404 4813
WARNING:django.server:[2025-07-11 00:13:28] basehttp.py:187:"GET /projects/project/project_card/assets/img/products/60x60/3.png HTTP/1.1" 404 4894
WARNING:django.server:[2025-07-11 00:13:28] basehttp.py:187:"GET /projects/assets/img/team/40x40/10.webp HTTP/1.1" 404 4825
WARNING:django.server:[2025-07-11 00:13:28] basehttp.py:187:"GET /projects/assets/img/products/60x60/3.png HTTP/1.1" 404 4831
INFO:django.server:[2025-07-11 00:13:29] basehttp.py:187:"GET /projects/project/1/ HTTP/1.1" 200 90015
WARNING:django.server:[2025-07-11 00:13:29] basehttp.py:187:"GET /projects/project/1/assets/img/products/60x60/3.png HTTP/1.1" 404 4861
WARNING:django.server:[2025-07-11 00:13:29] basehttp.py:187:"GET /projects/project/1/assets/img/team/40x40/30.webp HTTP/1.1" 404 4855
WARNING:django.server:[2025-07-11 00:13:29] basehttp.py:187:"GET /projects/project/1/assets/img/team/40x40/avatar.webp HTTP/1.1" 404 4867
WARNING:django.server:[2025-07-11 00:13:29] basehttp.py:187:"GET /projects/project/1/assets/img/team/40x40/59.webp HTTP/1.1" 404 4855
WARNING:django.server:[2025-07-11 00:13:29] basehttp.py:187:"GET /projects/project/1/assets/img/nav-icons/google-cloud.webp HTTP/1.1" 404 4882
WARNING:django.server:[2025-07-11 00:13:29] basehttp.py:187:"GET /projects/project/1/assets/img/team/40x40/58.webp HTTP/1.1" 404 4855
WARNING:django.server:[2025-07-11 00:13:29] basehttp.py:187:"GET /projects/project/1/assets/img/nav-icons/slack.webp HTTP/1.1" 404 4861
WARNING:django.server:[2025-07-11 00:13:29] basehttp.py:187:"GET /projects/project/1/assets/img/nav-icons/behance.webp HTTP/1.1" 404 4867
WARNING:django.server:[2025-07-11 00:13:29] basehttp.py:187:"GET /projects/project/1/assets/img/nav-icons/gitlab.webp HTTP/1.1" 404 4864
WARNING:django.server:[2025-07-11 00:13:29] basehttp.py:187:"GET /projects/project/1/assets/img/nav-icons/google-drive.webp HTTP/1.1" 404 4882
WARNING:django.server:[2025-07-11 00:13:29] basehttp.py:187:"GET /projects/project/1/assets/img/nav-icons/trello.webp HTTP/1.1" 404 4864
WARNING:django.server:[2025-07-11 00:13:29] basehttp.py:187:"GET /projects/project/1/assets/img/nav-icons/bitbucket.webp HTTP/1.1" 404 4873
WARNING:django.server:[2025-07-11 00:13:29] basehttp.py:187:"GET /projects/project/1/assets/img/nav-icons/figma.webp HTTP/1.1" 404 4861
WARNING:django.server:[2025-07-11 00:13:29] basehttp.py:187:"GET /projects/project/1/assets/img/nav-icons/pinterest.webp HTTP/1.1" 404 4873
WARNING:django.server:[2025-07-11 00:13:29] basehttp.py:187:"GET /projects/project/1/assets/img/nav-icons/twitter.webp HTTP/1.1" 404 4867
WARNING:django.server:[2025-07-11 00:13:29] basehttp.py:187:"GET /projects/project/1/assets/img/nav-icons/google-maps.webp HTTP/1.1" 404 4879
WARNING:django.server:[2025-07-11 00:13:29] basehttp.py:187:"GET /projects/project/1/assets/img/nav-icons/google-photos.webp HTTP/1.1" 404 4885
WARNING:django.server:[2025-07-11 00:13:29] basehttp.py:187:"GET /projects/project/1/assets/img/nav-icons/ln.webp HTTP/1.1" 404 4852
WARNING:django.server:[2025-07-11 00:13:29] basehttp.py:187:"GET /projects/project/1/assets/img/nav-icons/spotify.webp HTTP/1.1" 404 4867
WARNING:django.server:[2025-07-11 00:13:29] basehttp.py:187:"GET /projects/project/1/assets/img/products/60x60/3.png HTTP/1.1" 404 4861
INFO:django.server:[2025-07-11 00:13:40] basehttp.py:187:"GET /projects/1/task/create/ HTTP/1.1" 200 83847
WARNING:django.server:[2025-07-11 00:13:40] basehttp.py:187:"GET /projects/1/task/create/assets/img/products/60x60/3.png HTTP/1.1" 404 4873
WARNING:django.server:[2025-07-11 00:13:40] basehttp.py:187:"GET /projects/1/task/create/assets/img/team/40x40/30.webp HTTP/1.1" 404 4867
WARNING:django.server:[2025-07-11 00:13:40] basehttp.py:187:"GET /projects/1/task/create/assets/img/team/40x40/avatar.webp HTTP/1.1" 404 4879
WARNING:django.server:[2025-07-11 00:13:40] basehttp.py:187:"GET /projects/1/task/create/assets/img/nav-icons/slack.webp HTTP/1.1" 404 4873
WARNING:django.server:[2025-07-11 00:13:40] basehttp.py:187:"GET /projects/1/task/create/assets/img/team/40x40/58.webp HTTP/1.1" 404 4867
WARNING:django.server:[2025-07-11 00:13:40] basehttp.py:187:"GET /projects/1/task/create/assets/img/nav-icons/behance.webp HTTP/1.1" 404 4879
WARNING:django.server:[2025-07-11 00:13:40] basehttp.py:187:"GET /projects/1/task/create/assets/img/team/40x40/59.webp HTTP/1.1" 404 4867
WARNING:django.server:[2025-07-11 00:13:40] basehttp.py:187:"GET /projects/1/task/create/assets/img/nav-icons/google-cloud.webp HTTP/1.1" 404 4894
WARNING:django.server:[2025-07-11 00:13:40] basehttp.py:187:"GET /projects/1/task/create/assets/img/nav-icons/gitlab.webp HTTP/1.1" 404 4876
WARNING:django.server:[2025-07-11 00:13:40] basehttp.py:187:"GET /projects/1/task/create/assets/img/nav-icons/bitbucket.webp HTTP/1.1" 404 4885
WARNING:django.server:[2025-07-11 00:13:40] basehttp.py:187:"GET /projects/1/task/create/assets/img/nav-icons/trello.webp HTTP/1.1" 404 4876
WARNING:django.server:[2025-07-11 00:13:40] basehttp.py:187:"GET /projects/1/task/create/assets/img/nav-icons/google-drive.webp HTTP/1.1" 404 4894
WARNING:django.server:[2025-07-11 00:13:40] basehttp.py:187:"GET /projects/1/task/create/assets/img/nav-icons/figma.webp HTTP/1.1" 404 4873
WARNING:django.server:[2025-07-11 00:13:40] basehttp.py:187:"GET /projects/1/task/create/assets/img/nav-icons/twitter.webp HTTP/1.1" 404 4879
WARNING:django.server:[2025-07-11 00:13:40] basehttp.py:187:"GET /projects/1/task/create/assets/img/nav-icons/ln.webp HTTP/1.1" 404 4864
WARNING:django.server:[2025-07-11 00:13:40] basehttp.py:187:"GET /projects/1/task/create/assets/img/nav-icons/google-maps.webp HTTP/1.1" 404 4891
WARNING:django.server:[2025-07-11 00:13:40] basehttp.py:187:"GET /projects/1/task/create/assets/img/nav-icons/pinterest.webp HTTP/1.1" 404 4885
WARNING:django.server:[2025-07-11 00:13:40] basehttp.py:187:"GET /projects/1/task/create/assets/img/nav-icons/google-photos.webp HTTP/1.1" 404 4897
WARNING:django.server:[2025-07-11 00:13:40] basehttp.py:187:"GET /projects/1/task/create/assets/img/products/60x60/3.png HTTP/1.1" 404 4873
WARNING:django.server:[2025-07-11 00:13:40] basehttp.py:187:"GET /projects/1/task/create/assets/img/nav-icons/spotify.webp HTTP/1.1" 404 4879
INFO:django.server:[2025-07-11 00:13:46] basehttp.py:187:"GET /projects/task/list/ HTTP/1.1" 200 86922
WARNING:django.server:[2025-07-11 00:13:46] basehttp.py:187:"GET /projects/task/list/assets/img/products/60x60/3.png HTTP/1.1" 404 4861
WARNING:django.server:[2025-07-11 00:13:46] basehttp.py:187:"GET /projects/task/list/assets/img/team/40x40/30.webp HTTP/1.1" 404 4855
WARNING:django.server:[2025-07-11 00:13:46] basehttp.py:187:"GET /projects/task/list/assets/img/team/40x40/avatar.webp HTTP/1.1" 404 4867
WARNING:django.server:[2025-07-11 00:13:46] basehttp.py:187:"GET /projects/task/list/assets/img/team/40x40/59.webp HTTP/1.1" 404 4855
WARNING:django.server:[2025-07-11 00:13:46] basehttp.py:187:"GET /projects/task/list/assets/img/nav-icons/behance.webp HTTP/1.1" 404 4867
WARNING:django.server:[2025-07-11 00:13:46] basehttp.py:187:"GET /projects/task/list/assets/img/nav-icons/slack.webp HTTP/1.1" 404 4861
WARNING:django.server:[2025-07-11 00:13:46] basehttp.py:187:"GET /projects/task/list/assets/img/team/40x40/58.webp HTTP/1.1" 404 4855
WARNING:django.server:[2025-07-11 00:13:46] basehttp.py:187:"GET /projects/task/list/assets/img/nav-icons/google-cloud.webp HTTP/1.1" 404 4882
WARNING:django.server:[2025-07-11 00:13:46] basehttp.py:187:"GET /projects/task/list/assets/img/nav-icons/bitbucket.webp HTTP/1.1" 404 4873
WARNING:django.server:[2025-07-11 00:13:46] basehttp.py:187:"GET /projects/task/list/assets/img/nav-icons/gitlab.webp HTTP/1.1" 404 4864
WARNING:django.server:[2025-07-11 00:13:46] basehttp.py:187:"GET /projects/task/list/assets/img/nav-icons/figma.webp HTTP/1.1" 404 4861
WARNING:django.server:[2025-07-11 00:13:46] basehttp.py:187:"GET /projects/task/list/assets/img/nav-icons/twitter.webp HTTP/1.1" 404 4867
WARNING:django.server:[2025-07-11 00:13:46] basehttp.py:187:"GET /projects/task/list/assets/img/nav-icons/google-drive.webp HTTP/1.1" 404 4882
WARNING:django.server:[2025-07-11 00:13:46] basehttp.py:187:"GET /projects/task/list/assets/img/nav-icons/trello.webp HTTP/1.1" 404 4864
WARNING:django.server:[2025-07-11 00:13:46] basehttp.py:187:"GET /projects/task/list/assets/img/nav-icons/pinterest.webp HTTP/1.1" 404 4873
WARNING:django.server:[2025-07-11 00:13:46] basehttp.py:187:"GET /projects/task/list/assets/img/nav-icons/ln.webp HTTP/1.1" 404 4852
WARNING:django.server:[2025-07-11 00:13:46] basehttp.py:187:"GET /projects/task/list/assets/img/nav-icons/google-photos.webp HTTP/1.1" 404 4885
WARNING:django.server:[2025-07-11 00:13:46] basehttp.py:187:"GET /projects/task/list/assets/img/nav-icons/spotify.webp HTTP/1.1" 404 4867
WARNING:django.server:[2025-07-11 00:13:46] basehttp.py:187:"GET /projects/task/list/assets/img/nav-icons/google-maps.webp HTTP/1.1" 404 4879
WARNING:django.server:[2025-07-11 00:13:46] basehttp.py:187:"GET /projects/task/list/assets/img/products/60x60/3.png HTTP/1.1" 404 4861
INFO:django.server:[2025-07-11 00:14:42] basehttp.py:187:"GET /projects/project/project_list/ HTTP/1.1" 200 110224
WARNING:django.server:[2025-07-11 00:14:42] basehttp.py:187:"GET /projects/project/project_list/assets/img/products/60x60/3.png HTTP/1.1" 404 4894
WARNING:django.server:[2025-07-11 00:14:42] basehttp.py:187:"GET /projects/project/project_list/assets/img/team/40x40/30.webp HTTP/1.1" 404 4888
WARNING:django.server:[2025-07-11 00:14:42] basehttp.py:187:"GET /projects/project/project_list/assets/img/team/40x40/avatar.webp HTTP/1.1" 404 4900
WARNING:django.server:[2025-07-11 00:14:42] basehttp.py:187:"GET /projects/project/project_list/assets/img/nav-icons/behance.webp HTTP/1.1" 404 4900
WARNING:django.server:[2025-07-11 00:14:42] basehttp.py:187:"GET /projects/project/project_list/assets/img/team/40x40/59.webp HTTP/1.1" 404 4888
WARNING:django.server:[2025-07-11 00:14:42] basehttp.py:187:"GET /projects/project/project_list/assets/img/nav-icons/google-cloud.webp HTTP/1.1" 404 4915
WARNING:django.server:[2025-07-11 00:14:42] basehttp.py:187:"GET /projects/project/project_list/assets/img/team/40x40/58.webp HTTP/1.1" 404 4888
WARNING:django.server:[2025-07-11 00:14:42] basehttp.py:187:"GET /projects/project/project_list/assets/img/nav-icons/slack.webp HTTP/1.1" 404 4894
WARNING:django.server:[2025-07-11 00:14:42] basehttp.py:187:"GET /projects/project/project_list/assets/img/nav-icons/gitlab.webp HTTP/1.1" 404 4897
WARNING:django.server:[2025-07-11 00:14:42] basehttp.py:187:"GET /projects/project/project_list/assets/img/nav-icons/bitbucket.webp HTTP/1.1" 404 4906
WARNING:django.server:[2025-07-11 00:14:42] basehttp.py:187:"GET /projects/project/project_list/assets/img/nav-icons/google-drive.webp HTTP/1.1" 404 4915
WARNING:django.server:[2025-07-11 00:14:42] basehttp.py:187:"GET /projects/project/project_list/assets/img/nav-icons/trello.webp HTTP/1.1" 404 4897
WARNING:django.server:[2025-07-11 00:14:42] basehttp.py:187:"GET /projects/project/project_list/assets/img/nav-icons/figma.webp HTTP/1.1" 404 4894
WARNING:django.server:[2025-07-11 00:14:42] basehttp.py:187:"GET /projects/project/project_list/assets/img/nav-icons/twitter.webp HTTP/1.1" 404 4900
WARNING:django.server:[2025-07-11 00:14:42] basehttp.py:187:"GET /projects/project/project_list/assets/img/nav-icons/pinterest.webp HTTP/1.1" 404 4906
WARNING:django.server:[2025-07-11 00:14:42] basehttp.py:187:"GET /projects/project/project_list/assets/img/nav-icons/ln.webp HTTP/1.1" 404 4885
WARNING:django.server:[2025-07-11 00:14:42] basehttp.py:187:"GET /projects/project/project_list/assets/img/nav-icons/google-maps.webp HTTP/1.1" 404 4912
WARNING:django.server:[2025-07-11 00:14:42] basehttp.py:187:"GET /projects/project/project_list/assets/img/nav-icons/google-photos.webp HTTP/1.1" 404 4918
WARNING:django.server:[2025-07-11 00:14:42] basehttp.py:187:"GET /projects/project/project_list/assets/img/nav-icons/spotify.webp HTTP/1.1" 404 4900
WARNING:django.server:[2025-07-11 00:14:42] basehttp.py:187:"GET /projects/assets/img/products/60x60/3.png HTTP/1.1" 404 4831
WARNING:django.server:[2025-07-11 00:14:42] basehttp.py:187:"GET /projects/assets/img/team/40x40/12.webp HTTP/1.1" 404 4825
WARNING:django.server:[2025-07-11 00:14:42] basehttp.py:187:"GET /projects/assets/img/team/40x40/10.webp HTTP/1.1" 404 4825
WARNING:django.server:[2025-07-11 00:14:42] basehttp.py:187:"GET /projects/project/project_list/assets/img/products/60x60/3.png HTTP/1.1" 404 4894
INFO:django.server:[2025-07-11 00:15:01] basehttp.py:187:"GET /projects/project/create/ HTTP/1.1" 200 84611
WARNING:django.server:[2025-07-11 00:15:01] basehttp.py:187:"GET /projects/project/create/assets/img/products/60x60/3.png HTTP/1.1" 404 4876
WARNING:django.server:[2025-07-11 00:15:01] basehttp.py:187:"GET /projects/project/create/assets/img/team/40x40/30.webp HTTP/1.1" 404 4870
WARNING:django.server:[2025-07-11 00:15:01] basehttp.py:187:"GET /projects/project/create/assets/img/team/40x40/58.webp HTTP/1.1" 404 4870
WARNING:django.server:[2025-07-11 00:15:02] basehttp.py:187:"GET /projects/project/create/assets/img/team/40x40/59.webp HTTP/1.1" 404 4870
WARNING:django.server:[2025-07-11 00:15:02] basehttp.py:187:"GET /projects/project/create/assets/img/team/40x40/avatar.webp HTTP/1.1" 404 4882
WARNING:django.server:[2025-07-11 00:15:02] basehttp.py:187:"GET /projects/project/create/assets/img/nav-icons/google-cloud.webp HTTP/1.1" 404 4897
WARNING:django.server:[2025-07-11 00:15:02] basehttp.py:187:"GET /projects/project/create/assets/img/nav-icons/behance.webp HTTP/1.1" 404 4882
WARNING:django.server:[2025-07-11 00:15:02] basehttp.py:187:"GET /projects/project/create/assets/img/nav-icons/gitlab.webp HTTP/1.1" 404 4879
WARNING:django.server:[2025-07-11 00:15:02] basehttp.py:187:"GET /projects/project/create/assets/img/nav-icons/slack.webp HTTP/1.1" 404 4876
WARNING:django.server:[2025-07-11 00:15:02] basehttp.py:187:"GET /projects/project/create/assets/img/nav-icons/bitbucket.webp HTTP/1.1" 404 4888
WARNING:django.server:[2025-07-11 00:15:02] basehttp.py:187:"GET /projects/project/create/assets/img/nav-icons/google-drive.webp HTTP/1.1" 404 4897
WARNING:django.server:[2025-07-11 00:15:02] basehttp.py:187:"GET /projects/project/create/assets/img/nav-icons/twitter.webp HTTP/1.1" 404 4882
WARNING:django.server:[2025-07-11 00:15:02] basehttp.py:187:"GET /projects/project/create/assets/img/nav-icons/trello.webp HTTP/1.1" 404 4879
WARNING:django.server:[2025-07-11 00:15:02] basehttp.py:187:"GET /projects/project/create/assets/img/nav-icons/pinterest.webp HTTP/1.1" 404 4888
WARNING:django.server:[2025-07-11 00:15:02] basehttp.py:187:"GET /projects/project/create/assets/img/nav-icons/figma.webp HTTP/1.1" 404 4876
WARNING:django.server:[2025-07-11 00:15:02] basehttp.py:187:"GET /projects/project/create/assets/img/nav-icons/google-maps.webp HTTP/1.1" 404 4894
WARNING:django.server:[2025-07-11 00:15:02] basehttp.py:187:"GET /projects/project/create/assets/img/nav-icons/ln.webp HTTP/1.1" 404 4867
WARNING:django.server:[2025-07-11 00:15:02] basehttp.py:187:"GET /projects/project/create/assets/img/nav-icons/google-photos.webp HTTP/1.1" 404 4900
WARNING:django.server:[2025-07-11 00:15:02] basehttp.py:187:"GET /projects/project/create/assets/img/nav-icons/spotify.webp HTTP/1.1" 404 4882
WARNING:django.server:[2025-07-11 00:15:02] basehttp.py:187:"GET /projects/project/create/assets/img/products/60x60/3.png HTTP/1.1" 404 4876
INFO:django.server:[2025-07-11 00:15:05] basehttp.py:187:"GET /projects/project/project_card/ HTTP/1.1" 200 190626
WARNING:django.server:[2025-07-11 00:15:05] basehttp.py:187:"GET /projects/project/project_card/assets/img/products/60x60/3.png HTTP/1.1" 404 4894
WARNING:django.server:[2025-07-11 00:15:05] basehttp.py:187:"GET /projects/project/project_card/assets/img/team/40x40/30.webp HTTP/1.1" 404 4888
WARNING:django.server:[2025-07-11 00:15:05] basehttp.py:187:"GET /projects/project/project_card/assets/img/team/40x40/avatar.webp HTTP/1.1" 404 4900
WARNING:django.server:[2025-07-11 00:15:05] basehttp.py:187:"GET /projects/project/project_card/assets/img/team/40x40/59.webp HTTP/1.1" 404 4888
WARNING:django.server:[2025-07-11 00:15:05] basehttp.py:187:"GET /projects/project/project_card/assets/img/team/40x40/58.webp HTTP/1.1" 404 4888
WARNING:django.server:[2025-07-11 00:15:05] basehttp.py:187:"GET /projects/project/project_card/assets/img/nav-icons/google-cloud.webp HTTP/1.1" 404 4915
WARNING:django.server:[2025-07-11 00:15:05] basehttp.py:187:"GET /projects/project/project_card/assets/img/nav-icons/slack.webp HTTP/1.1" 404 4894
WARNING:django.server:[2025-07-11 00:15:05] basehttp.py:187:"GET /projects/project/project_card/assets/img/nav-icons/behance.webp HTTP/1.1" 404 4900
WARNING:django.server:[2025-07-11 00:15:05] basehttp.py:187:"GET /projects/project/project_card/assets/img/nav-icons/gitlab.webp HTTP/1.1" 404 4897
WARNING:django.server:[2025-07-11 00:15:05] basehttp.py:187:"GET /projects/project/project_card/assets/img/nav-icons/bitbucket.webp HTTP/1.1" 404 4906
WARNING:django.server:[2025-07-11 00:15:05] basehttp.py:187:"GET /projects/project/project_card/assets/img/nav-icons/google-drive.webp HTTP/1.1" 404 4915
WARNING:django.server:[2025-07-11 00:15:05] basehttp.py:187:"GET /projects/project/project_card/assets/img/nav-icons/trello.webp HTTP/1.1" 404 4897
WARNING:django.server:[2025-07-11 00:15:05] basehttp.py:187:"GET /projects/project/project_card/assets/img/nav-icons/figma.webp HTTP/1.1" 404 4894
WARNING:django.server:[2025-07-11 00:15:05] basehttp.py:187:"GET /projects/project/project_card/assets/img/nav-icons/twitter.webp HTTP/1.1" 404 4900
WARNING:django.server:[2025-07-11 00:15:05] basehttp.py:187:"GET /projects/project/project_card/assets/img/nav-icons/ln.webp HTTP/1.1" 404 4885
WARNING:django.server:[2025-07-11 00:15:05] basehttp.py:187:"GET /projects/project/project_card/assets/img/nav-icons/pinterest.webp HTTP/1.1" 404 4906
WARNING:django.server:[2025-07-11 00:15:05] basehttp.py:187:"GET /projects/project/project_card/assets/img/nav-icons/google-maps.webp HTTP/1.1" 404 4912
WARNING:django.server:[2025-07-11 00:15:05] basehttp.py:187:"GET /projects/project/project_card/assets/img/nav-icons/spotify.webp HTTP/1.1" 404 4900
WARNING:django.server:[2025-07-11 00:15:05] basehttp.py:187:"GET /projects/assets/img/generic/43.png HTTP/1.1" 404 4813
WARNING:django.server:[2025-07-11 00:15:05] basehttp.py:187:"GET /projects/project/project_card/assets/img/nav-icons/google-photos.webp HTTP/1.1" 404 4918
WARNING:django.server:[2025-07-11 00:15:05] basehttp.py:187:"GET /projects/assets/img/team/60.webp HTTP/1.1" 404 4807
WARNING:django.server:[2025-07-11 00:15:05] basehttp.py:187:"GET /projects/assets/img/team/58.webp HTTP/1.1" 404 4807
WARNING:django.server:[2025-07-11 00:15:05] basehttp.py:187:"GET /projects/assets/img/team/59.webp HTTP/1.1" 404 4807
WARNING:django.server:[2025-07-11 00:15:05] basehttp.py:187:"GET /projects/assets/img/team/34.webp HTTP/1.1" 404 4807
WARNING:django.server:[2025-07-11 00:15:05] basehttp.py:187:"GET /projects/assets/img/generic/42.png HTTP/1.1" 404 4813
WARNING:django.server:[2025-07-11 00:15:05] basehttp.py:187:"GET /projects/assets/img//team/30.webp HTTP/1.1" 404 4810
WARNING:django.server:[2025-07-11 00:15:05] basehttp.py:187:"GET /projects/assets/img/generic/40.png HTTP/1.1" 404 4813
WARNING:django.server:[2025-07-11 00:15:05] basehttp.py:187:"GET /projects/assets/img/products/60x60/3.png HTTP/1.1" 404 4831
WARNING:django.server:[2025-07-11 00:15:05] basehttp.py:187:"GET /projects/assets/img/team/40x40/10.webp HTTP/1.1" 404 4825
WARNING:django.server:[2025-07-11 00:15:05] basehttp.py:187:"GET /projects/assets/img/team/40x40/12.webp HTTP/1.1" 404 4825
WARNING:django.server:[2025-07-11 00:15:05] basehttp.py:187:"GET /projects/project/project_card/assets/img/products/60x60/3.png HTTP/1.1" 404 4894
INFO:django.server:[2025-07-11 00:15:06] basehttp.py:187:"GET /projects/project/1/ HTTP/1.1" 200 90015
WARNING:django.server:[2025-07-11 00:15:06] basehttp.py:187:"GET /projects/project/1/assets/img/team/40x40/30.webp HTTP/1.1" 404 4855
WARNING:django.server:[2025-07-11 00:15:06] basehttp.py:187:"GET /projects/project/1/assets/img/products/60x60/3.png HTTP/1.1" 404 4861
WARNING:django.server:[2025-07-11 00:15:06] basehttp.py:187:"GET /projects/project/1/assets/img/team/40x40/59.webp HTTP/1.1" 404 4855
WARNING:django.server:[2025-07-11 00:15:06] basehttp.py:187:"GET /projects/project/1/assets/img/team/40x40/avatar.webp HTTP/1.1" 404 4867
WARNING:django.server:[2025-07-11 00:15:06] basehttp.py:187:"GET /projects/project/1/assets/img/nav-icons/behance.webp HTTP/1.1" 404 4867
WARNING:django.server:[2025-07-11 00:15:06] basehttp.py:187:"GET /projects/project/1/assets/img/team/40x40/58.webp HTTP/1.1" 404 4855
WARNING:django.server:[2025-07-11 00:15:06] basehttp.py:187:"GET /projects/project/1/assets/img/nav-icons/gitlab.webp HTTP/1.1" 404 4864
WARNING:django.server:[2025-07-11 00:15:06] basehttp.py:187:"GET /projects/project/1/assets/img/nav-icons/google-cloud.webp HTTP/1.1" 404 4882
WARNING:django.server:[2025-07-11 00:15:06] basehttp.py:187:"GET /projects/project/1/assets/img/nav-icons/slack.webp HTTP/1.1" 404 4861
WARNING:django.server:[2025-07-11 00:15:06] basehttp.py:187:"GET /projects/project/1/assets/img/nav-icons/bitbucket.webp HTTP/1.1" 404 4873
WARNING:django.server:[2025-07-11 00:15:06] basehttp.py:187:"GET /projects/project/1/assets/img/nav-icons/google-drive.webp HTTP/1.1" 404 4882
WARNING:django.server:[2025-07-11 00:15:06] basehttp.py:187:"GET /projects/project/1/assets/img/nav-icons/trello.webp HTTP/1.1" 404 4864
WARNING:django.server:[2025-07-11 00:15:06] basehttp.py:187:"GET /projects/project/1/assets/img/nav-icons/figma.webp HTTP/1.1" 404 4861
WARNING:django.server:[2025-07-11 00:15:06] basehttp.py:187:"GET /projects/project/1/assets/img/nav-icons/pinterest.webp HTTP/1.1" 404 4873
WARNING:django.server:[2025-07-11 00:15:06] basehttp.py:187:"GET /projects/project/1/assets/img/nav-icons/twitter.webp HTTP/1.1" 404 4867
WARNING:django.server:[2025-07-11 00:15:06] basehttp.py:187:"GET /projects/project/1/assets/img/nav-icons/ln.webp HTTP/1.1" 404 4852
WARNING:django.server:[2025-07-11 00:15:06] basehttp.py:187:"GET /projects/project/1/assets/img/nav-icons/spotify.webp HTTP/1.1" 404 4867
WARNING:django.server:[2025-07-11 00:15:06] basehttp.py:187:"GET /projects/project/1/assets/img/nav-icons/google-photos.webp HTTP/1.1" 404 4885
WARNING:django.server:[2025-07-11 00:15:06] basehttp.py:187:"GET /projects/project/1/assets/img/nav-icons/google-maps.webp HTTP/1.1" 404 4879
WARNING:django.server:[2025-07-11 00:15:06] basehttp.py:187:"GET /projects/project/1/assets/img/products/60x60/3.png HTTP/1.1" 404 4861
ERROR:django.request:[2025-07-11 00:15:08] log.py:241:Internal Server Error: /projects/1/task/create/
Traceback (most recent call last):
  File "/Users/zhongyu/Projects/Web_app/proj_portal/proj/lib/python3.11/site-packages/django/core/handlers/exception.py", line 56, in inner
    response = get_response(request)
               ^^^^^^^^^^^^^^^^^^^^^
  File "/Users/zhongyu/Projects/Web_app/proj_portal/proj/lib/python3.11/site-packages/django/core/handlers/base.py", line 220, in _get_response
    response = response.render()
               ^^^^^^^^^^^^^^^^^
  File "/Users/zhongyu/Projects/Web_app/proj_portal/proj/lib/python3.11/site-packages/django/template/response.py", line 114, in render
    self.content = self.rendered_content
                   ^^^^^^^^^^^^^^^^^^^^^
  File "/Users/zhongyu/Projects/Web_app/proj_portal/proj/lib/python3.11/site-packages/django/template/response.py", line 92, in rendered_content
    return template.render(context, self._request)
           ^^^^^^^^^^^^^^^^^^^^^^^^^^^^^^^^^^^^^^^
  File "/Users/zhongyu/Projects/Web_app/proj_portal/proj/lib/python3.11/site-packages/django/template/backends/django.py", line 61, in render
    return self.template.render(context)
           ^^^^^^^^^^^^^^^^^^^^^^^^^^^^^
  File "/Users/zhongyu/Projects/Web_app/proj_portal/proj/lib/python3.11/site-packages/django/template/base.py", line 175, in render
    return self._render(context)
           ^^^^^^^^^^^^^^^^^^^^^
  File "/Users/zhongyu/Projects/Web_app/proj_portal/proj/lib/python3.11/site-packages/django/template/base.py", line 167, in _render
    return self.nodelist.render(context)
           ^^^^^^^^^^^^^^^^^^^^^^^^^^^^^
  File "/Users/zhongyu/Projects/Web_app/proj_portal/proj/lib/python3.11/site-packages/django/template/base.py", line 1005, in render
    return SafeString("".join([node.render_annotated(context) for node in self]))
                              ^^^^^^^^^^^^^^^^^^^^^^^^^^^^^^^^^^^^^^^^^^^^^^^^^
  File "/Users/zhongyu/Projects/Web_app/proj_portal/proj/lib/python3.11/site-packages/django/template/base.py", line 1005, in <listcomp>
    return SafeString("".join([node.render_annotated(context) for node in self]))
                               ^^^^^^^^^^^^^^^^^^^^^^^^^^^^^^
  File "/Users/zhongyu/Projects/Web_app/proj_portal/proj/lib/python3.11/site-packages/django/template/base.py", line 966, in render_annotated
    return self.render(context)
           ^^^^^^^^^^^^^^^^^^^^
  File "/Users/zhongyu/Projects/Web_app/proj_portal/proj/lib/python3.11/site-packages/django/template/loader_tags.py", line 157, in render
    return compiled_parent._render(context)
           ^^^^^^^^^^^^^^^^^^^^^^^^^^^^^^^^
  File "/Users/zhongyu/Projects/Web_app/proj_portal/proj/lib/python3.11/site-packages/django/template/base.py", line 167, in _render
    return self.nodelist.render(context)
           ^^^^^^^^^^^^^^^^^^^^^^^^^^^^^
  File "/Users/zhongyu/Projects/Web_app/proj_portal/proj/lib/python3.11/site-packages/django/template/base.py", line 1005, in render
    return SafeString("".join([node.render_annotated(context) for node in self]))
                              ^^^^^^^^^^^^^^^^^^^^^^^^^^^^^^^^^^^^^^^^^^^^^^^^^
  File "/Users/zhongyu/Projects/Web_app/proj_portal/proj/lib/python3.11/site-packages/django/template/base.py", line 1005, in <listcomp>
    return SafeString("".join([node.render_annotated(context) for node in self]))
                               ^^^^^^^^^^^^^^^^^^^^^^^^^^^^^^
  File "/Users/zhongyu/Projects/Web_app/proj_portal/proj/lib/python3.11/site-packages/django/template/base.py", line 966, in render_annotated
    return self.render(context)
           ^^^^^^^^^^^^^^^^^^^^
  File "/Users/zhongyu/Projects/Web_app/proj_portal/proj/lib/python3.11/site-packages/django/template/loader_tags.py", line 63, in render
    result = block.nodelist.render(context)
             ^^^^^^^^^^^^^^^^^^^^^^^^^^^^^^
  File "/Users/zhongyu/Projects/Web_app/proj_portal/proj/lib/python3.11/site-packages/django/template/base.py", line 1005, in render
    return SafeString("".join([node.render_annotated(context) for node in self]))
                              ^^^^^^^^^^^^^^^^^^^^^^^^^^^^^^^^^^^^^^^^^^^^^^^^^
  File "/Users/zhongyu/Projects/Web_app/proj_portal/proj/lib/python3.11/site-packages/django/template/base.py", line 1005, in <listcomp>
    return SafeString("".join([node.render_annotated(context) for node in self]))
                               ^^^^^^^^^^^^^^^^^^^^^^^^^^^^^^
  File "/Users/zhongyu/Projects/Web_app/proj_portal/proj/lib/python3.11/site-packages/django/template/base.py", line 966, in render_annotated
    return self.render(context)
           ^^^^^^^^^^^^^^^^^^^^
  File "/Users/zhongyu/Projects/Web_app/proj_portal/proj/lib/python3.11/site-packages/django/template/defaulttags.py", line 471, in render
    url = reverse(view_name, args=args, kwargs=kwargs, current_app=current_app)
          ^^^^^^^^^^^^^^^^^^^^^^^^^^^^^^^^^^^^^^^^^^^^^^^^^^^^^^^^^^^^^^^^^^^^^
  File "/Users/zhongyu/Projects/Web_app/proj_portal/proj/lib/python3.11/site-packages/django/urls/base.py", line 88, in reverse
    return resolver._reverse_with_prefix(view, prefix, *args, **kwargs)
           ^^^^^^^^^^^^^^^^^^^^^^^^^^^^^^^^^^^^^^^^^^^^^^^^^^^^^^^^^^^^
  File "/Users/zhongyu/Projects/Web_app/proj_portal/proj/lib/python3.11/site-packages/django/urls/resolvers.py", line 828, in _reverse_with_prefix
    raise NoReverseMatch(msg)
django.urls.exceptions.NoReverseMatch: Reverse for 'project_detail' with arguments '('',)' not found. 1 pattern(s) tried: ['projects/project/(?P<pk>[0-9]+)/\\Z']
ERROR:django.server:[2025-07-11 00:15:08] basehttp.py:187:"GET /projects/1/task/create/ HTTP/1.1" 500 191765
INFO:django.utils.autoreload:[2025-07-11 00:15:31] autoreload.py:266:/Users/zhongyu/Projects/Web_app/proj_portal/proj_management/project/views.py changed, reloading.
INFO:django.utils.autoreload:[2025-07-11 00:15:31] autoreload.py:677:Watching for file changes with StatReloader
INFO:django.utils.autoreload:[2025-07-11 00:15:32] autoreload.py:266:/Users/zhongyu/Projects/Web_app/proj_portal/proj_management/project/views.py changed, reloading.
INFO:django.utils.autoreload:[2025-07-11 00:15:32] autoreload.py:677:Watching for file changes with StatReloader
INFO:django.server:[2025-07-11 00:15:35] basehttp.py:187:"GET /projects/1/task/create/ HTTP/1.1" 200 87698
WARNING:django.server:[2025-07-11 00:15:35] basehttp.py:187:"GET /projects/1/task/create/assets/img/team/40x40/30.webp HTTP/1.1" 404 4867
WARNING:django.server:[2025-07-11 00:15:35] basehttp.py:187:"GET /projects/1/task/create/assets/img/products/60x60/3.png HTTP/1.1" 404 4873
WARNING:django.server:[2025-07-11 00:15:35] basehttp.py:187:"GET /projects/1/task/create/assets/img/team/40x40/59.webp HTTP/1.1" 404 4867
WARNING:django.server:[2025-07-11 00:15:35] basehttp.py:187:"GET /projects/1/task/create/assets/img/team/40x40/avatar.webp HTTP/1.1" 404 4879
WARNING:django.server:[2025-07-11 00:15:35] basehttp.py:187:"GET /projects/1/task/create/assets/img/nav-icons/behance.webp HTTP/1.1" 404 4879
WARNING:django.server:[2025-07-11 00:15:35] basehttp.py:187:"GET /projects/1/task/create/assets/img/nav-icons/bitbucket.webp HTTP/1.1" 404 4885
WARNING:django.server:[2025-07-11 00:15:35] basehttp.py:187:"GET /projects/1/task/create/assets/img/team/40x40/58.webp HTTP/1.1" 404 4867
WARNING:django.server:[2025-07-11 00:15:35] basehttp.py:187:"GET /projects/1/task/create/assets/img/nav-icons/slack.webp HTTP/1.1" 404 4873
WARNING:django.server:[2025-07-11 00:15:35] basehttp.py:187:"GET /projects/1/task/create/assets/img/nav-icons/google-cloud.webp HTTP/1.1" 404 4894
WARNING:django.server:[2025-07-11 00:15:35] basehttp.py:187:"GET /projects/1/task/create/assets/img/nav-icons/gitlab.webp HTTP/1.1" 404 4876
WARNING:django.server:[2025-07-11 00:15:35] basehttp.py:187:"GET /projects/1/task/create/assets/img/nav-icons/trello.webp HTTP/1.1" 404 4876
WARNING:django.server:[2025-07-11 00:15:35] basehttp.py:187:"GET /projects/1/task/create/assets/img/nav-icons/google-drive.webp HTTP/1.1" 404 4894
WARNING:django.server:[2025-07-11 00:15:35] basehttp.py:187:"GET /projects/1/task/create/assets/img/nav-icons/figma.webp HTTP/1.1" 404 4873
WARNING:django.server:[2025-07-11 00:15:35] basehttp.py:187:"GET /projects/1/task/create/assets/img/nav-icons/twitter.webp HTTP/1.1" 404 4879
WARNING:django.server:[2025-07-11 00:15:35] basehttp.py:187:"GET /projects/1/task/create/assets/img/nav-icons/ln.webp HTTP/1.1" 404 4864
WARNING:django.server:[2025-07-11 00:15:35] basehttp.py:187:"GET /projects/1/task/create/assets/img/nav-icons/google-maps.webp HTTP/1.1" 404 4891
WARNING:django.server:[2025-07-11 00:15:35] basehttp.py:187:"GET /projects/1/task/create/assets/img/nav-icons/pinterest.webp HTTP/1.1" 404 4885
WARNING:django.server:[2025-07-11 00:15:35] basehttp.py:187:"GET /projects/1/task/create/assets/img/nav-icons/google-photos.webp HTTP/1.1" 404 4897
WARNING:django.server:[2025-07-11 00:15:35] basehttp.py:187:"GET /projects/1/task/create/assets/img/nav-icons/spotify.webp HTTP/1.1" 404 4879
WARNING:django.server:[2025-07-11 00:15:35] basehttp.py:187:"GET /projects/1/task/create/assets/img/products/60x60/3.png HTTP/1.1" 404 4873
INFO:django.utils.autoreload:[2025-07-11 00:15:38] autoreload.py:266:/Users/zhongyu/Projects/Web_app/proj_portal/proj_management/project/views.py changed, reloading.
INFO:django.utils.autoreload:[2025-07-11 00:15:38] autoreload.py:677:Watching for file changes with StatReloader
INFO:django.utils.autoreload:[2025-07-11 00:15:39] autoreload.py:266:/Users/zhongyu/Projects/Web_app/proj_portal/proj_management/project/views.py changed, reloading.
INFO:django.utils.autoreload:[2025-07-11 00:15:39] autoreload.py:677:Watching for file changes with StatReloader
INFO:django.server:[2025-07-11 00:15:56] basehttp.py:187:"GET /projects/project/1/ HTTP/1.1" 200 90015
WARNING:django.server:[2025-07-11 00:15:56] basehttp.py:187:"GET /projects/project/1/assets/img/team/40x40/30.webp HTTP/1.1" 404 4855
WARNING:django.server:[2025-07-11 00:15:56] basehttp.py:187:"GET /projects/project/1/assets/img/products/60x60/3.png HTTP/1.1" 404 4861
WARNING:django.server:[2025-07-11 00:15:56] basehttp.py:187:"GET /projects/project/1/assets/img/team/40x40/59.webp HTTP/1.1" 404 4855
WARNING:django.server:[2025-07-11 00:15:56] basehttp.py:187:"GET /projects/project/1/assets/img/team/40x40/avatar.webp HTTP/1.1" 404 4867
WARNING:django.server:[2025-07-11 00:15:56] basehttp.py:187:"GET /projects/project/1/assets/img/team/40x40/58.webp HTTP/1.1" 404 4855
WARNING:django.server:[2025-07-11 00:15:56] basehttp.py:187:"GET /projects/project/1/assets/img/nav-icons/behance.webp HTTP/1.1" 404 4867
WARNING:django.server:[2025-07-11 00:15:56] basehttp.py:187:"GET /projects/project/1/assets/img/nav-icons/slack.webp HTTP/1.1" 404 4861
WARNING:django.server:[2025-07-11 00:15:56] basehttp.py:187:"GET /projects/project/1/assets/img/nav-icons/gitlab.webp HTTP/1.1" 404 4864
WARNING:django.server:[2025-07-11 00:15:56] basehttp.py:187:"GET /projects/project/1/assets/img/nav-icons/google-cloud.webp HTTP/1.1" 404 4882
WARNING:django.server:[2025-07-11 00:15:56] basehttp.py:187:"GET /projects/project/1/assets/img/nav-icons/bitbucket.webp HTTP/1.1" 404 4873
WARNING:django.server:[2025-07-11 00:15:56] basehttp.py:187:"GET /projects/project/1/assets/img/nav-icons/google-drive.webp HTTP/1.1" 404 4882
WARNING:django.server:[2025-07-11 00:15:56] basehttp.py:187:"GET /projects/project/1/assets/img/nav-icons/trello.webp HTTP/1.1" 404 4864
WARNING:django.server:[2025-07-11 00:15:56] basehttp.py:187:"GET /projects/project/1/assets/img/nav-icons/figma.webp HTTP/1.1" 404 4861
WARNING:django.server:[2025-07-11 00:15:56] basehttp.py:187:"GET /projects/project/1/assets/img/nav-icons/pinterest.webp HTTP/1.1" 404 4873
WARNING:django.server:[2025-07-11 00:15:56] basehttp.py:187:"GET /projects/project/1/assets/img/nav-icons/twitter.webp HTTP/1.1" 404 4867
WARNING:django.server:[2025-07-11 00:15:56] basehttp.py:187:"GET /projects/project/1/assets/img/nav-icons/ln.webp HTTP/1.1" 404 4852
WARNING:django.server:[2025-07-11 00:15:56] basehttp.py:187:"GET /projects/project/1/assets/img/nav-icons/google-photos.webp HTTP/1.1" 404 4885
WARNING:django.server:[2025-07-11 00:15:56] basehttp.py:187:"GET /projects/project/1/assets/img/nav-icons/google-maps.webp HTTP/1.1" 404 4879
WARNING:django.server:[2025-07-11 00:15:56] basehttp.py:187:"GET /projects/project/1/assets/img/nav-icons/spotify.webp HTTP/1.1" 404 4867
WARNING:django.server:[2025-07-11 00:15:56] basehttp.py:187:"GET /projects/project/1/assets/img/products/60x60/3.png HTTP/1.1" 404 4861
INFO:django.server:[2025-07-11 00:16:02] basehttp.py:187:"GET /userprofiles/userprofile_list/ HTTP/1.1" 200 84569
WARNING:django.server:[2025-07-11 00:16:02] basehttp.py:187:"GET /userprofiles/userprofile_list/assets/img/products/60x60/3.png HTTP/1.1" 404 3682
WARNING:django.server:[2025-07-11 00:16:02] basehttp.py:187:"GET /userprofiles/userprofile_list/assets/img/team/40x40/30.webp HTTP/1.1" 404 3676
WARNING:django.server:[2025-07-11 00:16:02] basehttp.py:187:"GET /userprofiles/userprofile_list/assets/img/team/40x40/59.webp HTTP/1.1" 404 3676
WARNING:django.server:[2025-07-11 00:16:02] basehttp.py:187:"GET /userprofiles/userprofile_list/assets/img/team/40x40/avatar.webp HTTP/1.1" 404 3688
WARNING:django.server:[2025-07-11 00:16:02] basehttp.py:187:"GET /userprofiles/userprofile_list/assets/img/nav-icons/gitlab.webp HTTP/1.1" 404 3685
WARNING:django.server:[2025-07-11 00:16:02] basehttp.py:187:"GET /userprofiles/userprofile_list/assets/img/nav-icons/bitbucket.webp HTTP/1.1" 404 3694
WARNING:django.server:[2025-07-11 00:16:02] basehttp.py:187:"GET /userprofiles/userprofile_list/assets/img/nav-icons/google-cloud.webp HTTP/1.1" 404 3703
WARNING:django.server:[2025-07-11 00:16:02] basehttp.py:187:"GET /userprofiles/userprofile_list/assets/img/nav-icons/behance.webp HTTP/1.1" 404 3688
WARNING:django.server:[2025-07-11 00:16:02] basehttp.py:187:"GET /userprofiles/userprofile_list/assets/img/team/40x40/58.webp HTTP/1.1" 404 3676
WARNING:django.server:[2025-07-11 00:16:02] basehttp.py:187:"GET /userprofiles/userprofile_list/assets/img/nav-icons/slack.webp HTTP/1.1" 404 3682
WARNING:django.server:[2025-07-11 00:16:02] basehttp.py:187:"GET /userprofiles/userprofile_list/assets/img/nav-icons/google-drive.webp HTTP/1.1" 404 3703
WARNING:django.server:[2025-07-11 00:16:02] basehttp.py:187:"GET /userprofiles/userprofile_list/assets/img/nav-icons/pinterest.webp HTTP/1.1" 404 3694
WARNING:django.server:[2025-07-11 00:16:02] basehttp.py:187:"GET /userprofiles/userprofile_list/assets/img/nav-icons/ln.webp HTTP/1.1" 404 3673
WARNING:django.server:[2025-07-11 00:16:02] basehttp.py:187:"GET /userprofiles/userprofile_list/assets/img/nav-icons/twitter.webp HTTP/1.1" 404 3688
WARNING:django.server:[2025-07-11 00:16:02] basehttp.py:187:"GET /userprofiles/userprofile_list/assets/img/nav-icons/trello.webp HTTP/1.1" 404 3685
WARNING:django.server:[2025-07-11 00:16:02] basehttp.py:187:"GET /userprofiles/userprofile_list/assets/img/nav-icons/figma.webp HTTP/1.1" 404 3682
WARNING:django.server:[2025-07-11 00:16:02] basehttp.py:187:"GET /userprofiles/userprofile_list/assets/img/nav-icons/google-maps.webp HTTP/1.1" 404 3700
WARNING:django.server:[2025-07-11 00:16:02] basehttp.py:187:"GET /userprofiles/userprofile_list/assets/img/nav-icons/spotify.webp HTTP/1.1" 404 3688
WARNING:django.server:[2025-07-11 00:16:02] basehttp.py:187:"GET /userprofiles/userprofile_list/assets/img/nav-icons/google-photos.webp HTTP/1.1" 404 3706
WARNING:django.server:[2025-07-11 00:16:02] basehttp.py:187:"GET /userprofiles/userprofile_list/assets/img/products/60x60/3.png HTTP/1.1" 404 3682
INFO:django.server:[2025-07-11 00:16:04] basehttp.py:187:"GET /userprofiles/member/create/ HTTP/1.1" 200 82918
WARNING:django.server:[2025-07-11 00:16:04] basehttp.py:187:"GET /userprofiles/member/create/assets/img/products/60x60/3.png HTTP/1.1" 404 3673
WARNING:django.server:[2025-07-11 00:16:04] basehttp.py:187:"GET /userprofiles/member/create/assets/img/team/40x40/30.webp HTTP/1.1" 404 3667
WARNING:django.server:[2025-07-11 00:16:04] basehttp.py:187:"GET /userprofiles/member/create/assets/img/team/40x40/58.webp HTTP/1.1" 404 3667
WARNING:django.server:[2025-07-11 00:16:04] basehttp.py:187:"GET /userprofiles/member/create/assets/img/team/40x40/59.webp HTTP/1.1" 404 3667
WARNING:django.server:[2025-07-11 00:16:04] basehttp.py:187:"GET /userprofiles/member/create/assets/img/nav-icons/behance.webp HTTP/1.1" 404 3679
WARNING:django.server:[2025-07-11 00:16:04] basehttp.py:187:"GET /userprofiles/member/create/assets/img/nav-icons/slack.webp HTTP/1.1" 404 3673
WARNING:django.server:[2025-07-11 00:16:04] basehttp.py:187:"GET /userprofiles/member/create/assets/img/nav-icons/google-cloud.webp HTTP/1.1" 404 3694
WARNING:django.server:[2025-07-11 00:16:04] basehttp.py:187:"GET /userprofiles/member/create/assets/img/nav-icons/gitlab.webp HTTP/1.1" 404 3676
WARNING:django.server:[2025-07-11 00:16:04] basehttp.py:187:"GET /userprofiles/member/create/assets/img/nav-icons/bitbucket.webp HTTP/1.1" 404 3685
WARNING:django.server:[2025-07-11 00:16:04] basehttp.py:187:"GET /userprofiles/member/create/assets/img/team/40x40/avatar.webp HTTP/1.1" 404 3679
WARNING:django.server:[2025-07-11 00:16:04] basehttp.py:187:"GET /userprofiles/member/create/assets/img/nav-icons/trello.webp HTTP/1.1" 404 3676
WARNING:django.server:[2025-07-11 00:16:04] basehttp.py:187:"GET /userprofiles/member/create/assets/img/nav-icons/google-drive.webp HTTP/1.1" 404 3694
WARNING:django.server:[2025-07-11 00:16:04] basehttp.py:187:"GET /userprofiles/member/create/assets/img/nav-icons/figma.webp HTTP/1.1" 404 3673
WARNING:django.server:[2025-07-11 00:16:04] basehttp.py:187:"GET /userprofiles/member/create/assets/img/nav-icons/pinterest.webp HTTP/1.1" 404 3685
WARNING:django.server:[2025-07-11 00:16:04] basehttp.py:187:"GET /userprofiles/member/create/assets/img/nav-icons/twitter.webp HTTP/1.1" 404 3679
WARNING:django.server:[2025-07-11 00:16:04] basehttp.py:187:"GET /userprofiles/member/create/assets/img/nav-icons/google-photos.webp HTTP/1.1" 404 3697
WARNING:django.server:[2025-07-11 00:16:04] basehttp.py:187:"GET /userprofiles/member/create/assets/img/nav-icons/ln.webp HTTP/1.1" 404 3664
WARNING:django.server:[2025-07-11 00:16:04] basehttp.py:187:"GET /userprofiles/member/create/assets/img/nav-icons/google-maps.webp HTTP/1.1" 404 3691
WARNING:django.server:[2025-07-11 00:16:04] basehttp.py:187:"GET /userprofiles/member/create/assets/img/nav-icons/spotify.webp HTTP/1.1" 404 3679
WARNING:django.server:[2025-07-11 00:16:04] basehttp.py:187:"GET /userprofiles/member/create/assets/img/products/60x60/3.png HTTP/1.1" 404 3673
INFO:django.server:[2025-07-11 00:17:06] basehttp.py:187:"GET /userprofiles/member/create/ HTTP/1.1" 200 88235
WARNING:django.server:[2025-07-11 00:17:06] basehttp.py:187:"GET /userprofiles/member/create/assets/img/products/60x60/3.png HTTP/1.1" 404 3673
WARNING:django.server:[2025-07-11 00:17:06] basehttp.py:187:"GET /userprofiles/member/create/assets/img/team/40x40/avatar.webp HTTP/1.1" 404 3679
WARNING:django.server:[2025-07-11 00:17:06] basehttp.py:187:"GET /userprofiles/member/create/assets/img/team/40x40/30.webp HTTP/1.1" 404 3667
WARNING:django.server:[2025-07-11 00:17:06] basehttp.py:187:"GET /userprofiles/member/create/assets/img/nav-icons/slack.webp HTTP/1.1" 404 3673
WARNING:django.server:[2025-07-11 00:17:06] basehttp.py:187:"GET /userprofiles/member/create/assets/img/nav-icons/google-cloud.webp HTTP/1.1" 404 3694
WARNING:django.server:[2025-07-11 00:17:06] basehttp.py:187:"GET /userprofiles/member/create/assets/img/team/40x40/59.webp HTTP/1.1" 404 3667
WARNING:django.server:[2025-07-11 00:17:06] basehttp.py:187:"GET /userprofiles/member/create/assets/img/nav-icons/gitlab.webp HTTP/1.1" 404 3676
WARNING:django.server:[2025-07-11 00:17:06] basehttp.py:187:"GET /userprofiles/member/create/assets/img/team/40x40/58.webp HTTP/1.1" 404 3667
WARNING:django.server:[2025-07-11 00:17:06] basehttp.py:187:"GET /userprofiles/member/create/assets/img/nav-icons/behance.webp HTTP/1.1" 404 3679
WARNING:django.server:[2025-07-11 00:17:06] basehttp.py:187:"GET /userprofiles/member/create/assets/img/nav-icons/bitbucket.webp HTTP/1.1" 404 3685
WARNING:django.server:[2025-07-11 00:17:06] basehttp.py:187:"GET /userprofiles/member/create/assets/img/nav-icons/google-drive.webp HTTP/1.1" 404 3694
WARNING:django.server:[2025-07-11 00:17:06] basehttp.py:187:"GET /userprofiles/member/create/assets/img/nav-icons/twitter.webp HTTP/1.1" 404 3679
WARNING:django.server:[2025-07-11 00:17:06] basehttp.py:187:"GET /userprofiles/member/create/assets/img/nav-icons/trello.webp HTTP/1.1" 404 3676
WARNING:django.server:[2025-07-11 00:17:06] basehttp.py:187:"GET /userprofiles/member/create/assets/img/nav-icons/pinterest.webp HTTP/1.1" 404 3685
WARNING:django.server:[2025-07-11 00:17:06] basehttp.py:187:"GET /userprofiles/member/create/assets/img/nav-icons/figma.webp HTTP/1.1" 404 3673
WARNING:django.server:[2025-07-11 00:17:06] basehttp.py:187:"GET /userprofiles/member/create/assets/img/nav-icons/google-maps.webp HTTP/1.1" 404 3691
WARNING:django.server:[2025-07-11 00:17:06] basehttp.py:187:"GET /userprofiles/member/create/assets/img/nav-icons/spotify.webp HTTP/1.1" 404 3679
WARNING:django.server:[2025-07-11 00:17:06] basehttp.py:187:"GET /userprofiles/member/create/assets/img/nav-icons/ln.webp HTTP/1.1" 404 3664
WARNING:django.server:[2025-07-11 00:17:06] basehttp.py:187:"GET /userprofiles/member/create/assets/img/nav-icons/google-photos.webp HTTP/1.1" 404 3697
WARNING:django.server:[2025-07-11 00:17:06] basehttp.py:187:"GET /userprofiles/member/create/assets/img/products/60x60/3.png HTTP/1.1" 404 3673
INFO:django.server:[2025-07-11 00:17:22] basehttp.py:187:"GET /projects/project/project_list/ HTTP/1.1" 200 110224
WARNING:django.server:[2025-07-11 00:17:22] basehttp.py:187:"GET /projects/project/project_list/assets/img/products/60x60/3.png HTTP/1.1" 404 4894
WARNING:django.server:[2025-07-11 00:17:22] basehttp.py:187:"GET /projects/project/project_list/assets/img/team/40x40/avatar.webp HTTP/1.1" 404 4900
WARNING:django.server:[2025-07-11 00:17:22] basehttp.py:187:"GET /projects/project/project_list/assets/img/team/40x40/30.webp HTTP/1.1" 404 4888
WARNING:django.server:[2025-07-11 00:17:22] basehttp.py:187:"GET /projects/project/project_list/assets/img/nav-icons/behance.webp HTTP/1.1" 404 4900
WARNING:django.server:[2025-07-11 00:17:22] basehttp.py:187:"GET /projects/project/project_list/assets/img/nav-icons/google-cloud.webp HTTP/1.1" 404 4915
WARNING:django.server:[2025-07-11 00:17:22] basehttp.py:187:"GET /projects/project/project_list/assets/img/nav-icons/slack.webp HTTP/1.1" 404 4894
WARNING:django.server:[2025-07-11 00:17:22] basehttp.py:187:"GET /projects/project/project_list/assets/img/team/40x40/59.webp HTTP/1.1" 404 4888
WARNING:django.server:[2025-07-11 00:17:22] basehttp.py:187:"GET /projects/project/project_list/assets/img/nav-icons/gitlab.webp HTTP/1.1" 404 4897
WARNING:django.server:[2025-07-11 00:17:22] basehttp.py:187:"GET /projects/project/project_list/assets/img/team/40x40/58.webp HTTP/1.1" 404 4888
WARNING:django.server:[2025-07-11 00:17:22] basehttp.py:187:"GET /projects/project/project_list/assets/img/nav-icons/google-drive.webp HTTP/1.1" 404 4915
WARNING:django.server:[2025-07-11 00:17:22] basehttp.py:187:"GET /projects/project/project_list/assets/img/nav-icons/figma.webp HTTP/1.1" 404 4894
WARNING:django.server:[2025-07-11 00:17:22] basehttp.py:187:"GET /projects/project/project_list/assets/img/nav-icons/trello.webp HTTP/1.1" 404 4897
WARNING:django.server:[2025-07-11 00:17:22] basehttp.py:187:"GET /projects/project/project_list/assets/img/nav-icons/bitbucket.webp HTTP/1.1" 404 4906
WARNING:django.server:[2025-07-11 00:17:22] basehttp.py:187:"GET /projects/project/project_list/assets/img/nav-icons/twitter.webp HTTP/1.1" 404 4900
WARNING:django.server:[2025-07-11 00:17:22] basehttp.py:187:"GET /projects/project/project_list/assets/img/nav-icons/ln.webp HTTP/1.1" 404 4885
WARNING:django.server:[2025-07-11 00:17:22] basehttp.py:187:"GET /projects/project/project_list/assets/img/nav-icons/google-maps.webp HTTP/1.1" 404 4912
WARNING:django.server:[2025-07-11 00:17:22] basehttp.py:187:"GET /projects/project/project_list/assets/img/nav-icons/pinterest.webp HTTP/1.1" 404 4906
WARNING:django.server:[2025-07-11 00:17:22] basehttp.py:187:"GET /projects/project/project_list/assets/img/nav-icons/google-photos.webp HTTP/1.1" 404 4918
WARNING:django.server:[2025-07-11 00:17:22] basehttp.py:187:"GET /projects/assets/img/products/60x60/3.png HTTP/1.1" 404 4831
WARNING:django.server:[2025-07-11 00:17:22] basehttp.py:187:"GET /projects/project/project_list/assets/img/nav-icons/spotify.webp HTTP/1.1" 404 4900
WARNING:django.server:[2025-07-11 00:17:22] basehttp.py:187:"GET /projects/assets/img/team/40x40/10.webp HTTP/1.1" 404 4825
WARNING:django.server:[2025-07-11 00:17:22] basehttp.py:187:"GET /projects/assets/img/team/40x40/12.webp HTTP/1.1" 404 4825
WARNING:django.server:[2025-07-11 00:17:22] basehttp.py:187:"GET /projects/project/project_list/assets/img/products/60x60/3.png HTTP/1.1" 404 4894
WARNING:django.server:[2025-07-11 00:18:15] basehttp.py:187:"GET /projects/project/project_list/apps/calendar.html HTTP/1.1" 404 4855
INFO:django.utils.autoreload:[2025-07-11 00:18:18] autoreload.py:266:/Users/zhongyu/Projects/Web_app/proj_portal/proj_management/project/views.py changed, reloading.
INFO:django.utils.autoreload:[2025-07-11 00:18:18] autoreload.py:677:Watching for file changes with StatReloader
INFO:django.utils.autoreload:[2025-07-11 00:18:19] autoreload.py:266:/Users/zhongyu/Projects/Web_app/proj_portal/proj_management/project/views.py changed, reloading.
INFO:django.utils.autoreload:[2025-07-11 00:18:19] autoreload.py:677:Watching for file changes with StatReloader
INFO:django.utils.autoreload:[2025-07-11 00:18:25] autoreload.py:266:/Users/zhongyu/Projects/Web_app/proj_portal/proj_management/project/views.py changed, reloading.
INFO:django.utils.autoreload:[2025-07-11 00:18:25] autoreload.py:677:Watching for file changes with StatReloader
INFO:django.utils.autoreload:[2025-07-11 00:18:25] autoreload.py:266:/Users/zhongyu/Projects/Web_app/proj_portal/proj_management/project/views.py changed, reloading.
INFO:django.utils.autoreload:[2025-07-11 00:18:26] autoreload.py:677:Watching for file changes with StatReloader
INFO:django.utils.autoreload:[2025-07-11 00:18:31] autoreload.py:266:/Users/zhongyu/Projects/Web_app/proj_portal/proj_management/project/views.py changed, reloading.
INFO:django.utils.autoreload:[2025-07-11 00:18:31] autoreload.py:677:Watching for file changes with StatReloader
INFO:django.utils.autoreload:[2025-07-11 00:18:31] autoreload.py:266:/Users/zhongyu/Projects/Web_app/proj_portal/proj_management/project/views.py changed, reloading.
INFO:django.utils.autoreload:[2025-07-11 00:18:31] autoreload.py:677:Watching for file changes with StatReloader
ERROR:django.request:[2025-07-11 00:19:54] log.py:241:Internal Server Error: /projects/project/project_list/
Traceback (most recent call last):
  File "/Users/zhongyu/Projects/Web_app/proj_portal/proj/lib/python3.11/site-packages/django/core/handlers/exception.py", line 56, in inner
    response = get_response(request)
               ^^^^^^^^^^^^^^^^^^^^^
  File "/Users/zhongyu/Projects/Web_app/proj_portal/proj/lib/python3.11/site-packages/django/core/handlers/base.py", line 220, in _get_response
    response = response.render()
               ^^^^^^^^^^^^^^^^^
  File "/Users/zhongyu/Projects/Web_app/proj_portal/proj/lib/python3.11/site-packages/django/template/response.py", line 114, in render
    self.content = self.rendered_content
                   ^^^^^^^^^^^^^^^^^^^^^
  File "/Users/zhongyu/Projects/Web_app/proj_portal/proj/lib/python3.11/site-packages/django/template/response.py", line 92, in rendered_content
    return template.render(context, self._request)
           ^^^^^^^^^^^^^^^^^^^^^^^^^^^^^^^^^^^^^^^
  File "/Users/zhongyu/Projects/Web_app/proj_portal/proj/lib/python3.11/site-packages/django/template/backends/django.py", line 61, in render
    return self.template.render(context)
           ^^^^^^^^^^^^^^^^^^^^^^^^^^^^^
  File "/Users/zhongyu/Projects/Web_app/proj_portal/proj/lib/python3.11/site-packages/django/template/base.py", line 175, in render
    return self._render(context)
           ^^^^^^^^^^^^^^^^^^^^^
  File "/Users/zhongyu/Projects/Web_app/proj_portal/proj/lib/python3.11/site-packages/django/template/base.py", line 167, in _render
    return self.nodelist.render(context)
           ^^^^^^^^^^^^^^^^^^^^^^^^^^^^^
  File "/Users/zhongyu/Projects/Web_app/proj_portal/proj/lib/python3.11/site-packages/django/template/base.py", line 1005, in render
    return SafeString("".join([node.render_annotated(context) for node in self]))
                              ^^^^^^^^^^^^^^^^^^^^^^^^^^^^^^^^^^^^^^^^^^^^^^^^^
  File "/Users/zhongyu/Projects/Web_app/proj_portal/proj/lib/python3.11/site-packages/django/template/base.py", line 1005, in <listcomp>
    return SafeString("".join([node.render_annotated(context) for node in self]))
                               ^^^^^^^^^^^^^^^^^^^^^^^^^^^^^^
  File "/Users/zhongyu/Projects/Web_app/proj_portal/proj/lib/python3.11/site-packages/django/template/base.py", line 966, in render_annotated
    return self.render(context)
           ^^^^^^^^^^^^^^^^^^^^
  File "/Users/zhongyu/Projects/Web_app/proj_portal/proj/lib/python3.11/site-packages/django/template/loader_tags.py", line 157, in render
    return compiled_parent._render(context)
           ^^^^^^^^^^^^^^^^^^^^^^^^^^^^^^^^
  File "/Users/zhongyu/Projects/Web_app/proj_portal/proj/lib/python3.11/site-packages/django/template/base.py", line 167, in _render
    return self.nodelist.render(context)
           ^^^^^^^^^^^^^^^^^^^^^^^^^^^^^
  File "/Users/zhongyu/Projects/Web_app/proj_portal/proj/lib/python3.11/site-packages/django/template/base.py", line 1005, in render
    return SafeString("".join([node.render_annotated(context) for node in self]))
                              ^^^^^^^^^^^^^^^^^^^^^^^^^^^^^^^^^^^^^^^^^^^^^^^^^
  File "/Users/zhongyu/Projects/Web_app/proj_portal/proj/lib/python3.11/site-packages/django/template/base.py", line 1005, in <listcomp>
    return SafeString("".join([node.render_annotated(context) for node in self]))
                               ^^^^^^^^^^^^^^^^^^^^^^^^^^^^^^
  File "/Users/zhongyu/Projects/Web_app/proj_portal/proj/lib/python3.11/site-packages/django/template/base.py", line 966, in render_annotated
    return self.render(context)
           ^^^^^^^^^^^^^^^^^^^^
  File "/Users/zhongyu/Projects/Web_app/proj_portal/proj/lib/python3.11/site-packages/django/template/loader_tags.py", line 63, in render
    result = block.nodelist.render(context)
             ^^^^^^^^^^^^^^^^^^^^^^^^^^^^^^
  File "/Users/zhongyu/Projects/Web_app/proj_portal/proj/lib/python3.11/site-packages/django/template/base.py", line 1005, in render
    return SafeString("".join([node.render_annotated(context) for node in self]))
                              ^^^^^^^^^^^^^^^^^^^^^^^^^^^^^^^^^^^^^^^^^^^^^^^^^
  File "/Users/zhongyu/Projects/Web_app/proj_portal/proj/lib/python3.11/site-packages/django/template/base.py", line 1005, in <listcomp>
    return SafeString("".join([node.render_annotated(context) for node in self]))
                               ^^^^^^^^^^^^^^^^^^^^^^^^^^^^^^
  File "/Users/zhongyu/Projects/Web_app/proj_portal/proj/lib/python3.11/site-packages/django/template/base.py", line 966, in render_annotated
    return self.render(context)
           ^^^^^^^^^^^^^^^^^^^^
  File "/Users/zhongyu/Projects/Web_app/proj_portal/proj/lib/python3.11/site-packages/django/template/defaulttags.py", line 471, in render
    url = reverse(view_name, args=args, kwargs=kwargs, current_app=current_app)
          ^^^^^^^^^^^^^^^^^^^^^^^^^^^^^^^^^^^^^^^^^^^^^^^^^^^^^^^^^^^^^^^^^^^^^
  File "/Users/zhongyu/Projects/Web_app/proj_portal/proj/lib/python3.11/site-packages/django/urls/base.py", line 88, in reverse
    return resolver._reverse_with_prefix(view, prefix, *args, **kwargs)
           ^^^^^^^^^^^^^^^^^^^^^^^^^^^^^^^^^^^^^^^^^^^^^^^^^^^^^^^^^^^^
  File "/Users/zhongyu/Projects/Web_app/proj_portal/proj/lib/python3.11/site-packages/django/urls/resolvers.py", line 828, in _reverse_with_prefix
    raise NoReverseMatch(msg)
django.urls.exceptions.NoReverseMatch: Reverse for 'project_card_list' not found. 'project_card_list' is not a valid view function or pattern name.
ERROR:django.server:[2025-07-11 00:19:54] basehttp.py:187:"GET /projects/project/project_list/ HTTP/1.1" 500 189006
INFO:django.server:[2025-07-11 00:20:40] basehttp.py:187:"GET /projects/project/project_list/ HTTP/1.1" 200 92641
WARNING:django.server:[2025-07-11 00:20:41] basehttp.py:187:"GET /projects/project/project_list/assets/img/products/60x60/3.png HTTP/1.1" 404 4894
WARNING:django.server:[2025-07-11 00:20:41] basehttp.py:187:"GET /projects/project/project_list/assets/img/team/40x40/59.webp HTTP/1.1" 404 4888
WARNING:django.server:[2025-07-11 00:20:41] basehttp.py:187:"GET /projects/project/project_list/assets/img/team/40x40/30.webp HTTP/1.1" 404 4888
WARNING:django.server:[2025-07-11 00:20:41] basehttp.py:187:"GET /projects/project/project_list/assets/img/team/40x40/avatar.webp HTTP/1.1" 404 4900
WARNING:django.server:[2025-07-11 00:20:41] basehttp.py:187:"GET /projects/project/project_list/assets/img/nav-icons/behance.webp HTTP/1.1" 404 4900
WARNING:django.server:[2025-07-11 00:20:41] basehttp.py:187:"GET /projects/project/project_list/assets/img/nav-icons/gitlab.webp HTTP/1.1" 404 4897
WARNING:django.server:[2025-07-11 00:20:41] basehttp.py:187:"GET /projects/project/project_list/assets/img/nav-icons/slack.webp HTTP/1.1" 404 4894
WARNING:django.server:[2025-07-11 00:20:41] basehttp.py:187:"GET /projects/project/project_list/assets/img/nav-icons/google-cloud.webp HTTP/1.1" 404 4915
WARNING:django.server:[2025-07-11 00:20:41] basehttp.py:187:"GET /projects/project/project_list/assets/img/team/40x40/58.webp HTTP/1.1" 404 4888
WARNING:django.server:[2025-07-11 00:20:41] basehttp.py:187:"GET /projects/project/project_list/assets/img/nav-icons/bitbucket.webp HTTP/1.1" 404 4906
WARNING:django.server:[2025-07-11 00:20:41] basehttp.py:187:"GET /projects/project/project_list/assets/img/nav-icons/google-drive.webp HTTP/1.1" 404 4915
WARNING:django.server:[2025-07-11 00:20:41] basehttp.py:187:"GET /projects/project/project_list/assets/img/nav-icons/trello.webp HTTP/1.1" 404 4897
WARNING:django.server:[2025-07-11 00:20:41] basehttp.py:187:"GET /projects/project/project_list/assets/img/nav-icons/twitter.webp HTTP/1.1" 404 4900
WARNING:django.server:[2025-07-11 00:20:41] basehttp.py:187:"GET /projects/project/project_list/assets/img/nav-icons/ln.webp HTTP/1.1" 404 4885
WARNING:django.server:[2025-07-11 00:20:41] basehttp.py:187:"GET /projects/project/project_list/assets/img/nav-icons/figma.webp HTTP/1.1" 404 4894
WARNING:django.server:[2025-07-11 00:20:41] basehttp.py:187:"GET /projects/project/project_list/assets/img/nav-icons/pinterest.webp HTTP/1.1" 404 4906
WARNING:django.server:[2025-07-11 00:20:41] basehttp.py:187:"GET /projects/project/project_list/assets/img/nav-icons/google-photos.webp HTTP/1.1" 404 4918
WARNING:django.server:[2025-07-11 00:20:41] basehttp.py:187:"GET /projects/project/project_list/assets/img/nav-icons/google-maps.webp HTTP/1.1" 404 4912
WARNING:django.server:[2025-07-11 00:20:41] basehttp.py:187:"GET /projects/project/project_list/assets/img/nav-icons/spotify.webp HTTP/1.1" 404 4900
WARNING:django.server:[2025-07-11 00:20:41] basehttp.py:187:"GET /projects/project/project_list/assets/img/products/60x60/3.png HTTP/1.1" 404 4894
INFO:django.server:[2025-07-11 00:21:00] basehttp.py:187:"GET /projects/project/1/ HTTP/1.1" 200 90015
WARNING:django.server:[2025-07-11 00:21:00] basehttp.py:187:"GET /projects/project/1/assets/img/products/60x60/3.png HTTP/1.1" 404 4861
WARNING:django.server:[2025-07-11 00:21:00] basehttp.py:187:"GET /projects/project/1/assets/img/team/40x40/30.webp HTTP/1.1" 404 4855
WARNING:django.server:[2025-07-11 00:21:00] basehttp.py:187:"GET /projects/project/1/assets/img/team/40x40/avatar.webp HTTP/1.1" 404 4867
WARNING:django.server:[2025-07-11 00:21:00] basehttp.py:187:"GET /projects/project/1/assets/img/nav-icons/gitlab.webp HTTP/1.1" 404 4864
WARNING:django.server:[2025-07-11 00:21:00] basehttp.py:187:"GET /projects/project/1/assets/img/team/40x40/59.webp HTTP/1.1" 404 4855
WARNING:django.server:[2025-07-11 00:21:00] basehttp.py:187:"GET /projects/project/1/assets/img/team/40x40/58.webp HTTP/1.1" 404 4855
WARNING:django.server:[2025-07-11 00:21:00] basehttp.py:187:"GET /projects/project/1/assets/img/nav-icons/slack.webp HTTP/1.1" 404 4861
WARNING:django.server:[2025-07-11 00:21:00] basehttp.py:187:"GET /projects/project/1/assets/img/nav-icons/behance.webp HTTP/1.1" 404 4867
WARNING:django.server:[2025-07-11 00:21:00] basehttp.py:187:"GET /projects/project/1/assets/img/nav-icons/google-cloud.webp HTTP/1.1" 404 4882
WARNING:django.server:[2025-07-11 00:21:00] basehttp.py:187:"GET /projects/project/1/assets/img/nav-icons/twitter.webp HTTP/1.1" 404 4867
WARNING:django.server:[2025-07-11 00:21:00] basehttp.py:187:"GET /projects/project/1/assets/img/nav-icons/bitbucket.webp HTTP/1.1" 404 4873
WARNING:django.server:[2025-07-11 00:21:00] basehttp.py:187:"GET /projects/project/1/assets/img/nav-icons/google-drive.webp HTTP/1.1" 404 4882
WARNING:django.server:[2025-07-11 00:21:00] basehttp.py:187:"GET /projects/project/1/assets/img/nav-icons/trello.webp HTTP/1.1" 404 4864
WARNING:django.server:[2025-07-11 00:21:00] basehttp.py:187:"GET /projects/project/1/assets/img/nav-icons/figma.webp HTTP/1.1" 404 4861
WARNING:django.server:[2025-07-11 00:21:00] basehttp.py:187:"GET /projects/project/1/assets/img/nav-icons/pinterest.webp HTTP/1.1" 404 4873
WARNING:django.server:[2025-07-11 00:21:00] basehttp.py:187:"GET /projects/project/1/assets/img/nav-icons/ln.webp HTTP/1.1" 404 4852
WARNING:django.server:[2025-07-11 00:21:00] basehttp.py:187:"GET /projects/project/1/assets/img/nav-icons/spotify.webp HTTP/1.1" 404 4867
WARNING:django.server:[2025-07-11 00:21:00] basehttp.py:187:"GET /projects/project/1/assets/img/nav-icons/google-maps.webp HTTP/1.1" 404 4879
WARNING:django.server:[2025-07-11 00:21:00] basehttp.py:187:"GET /projects/project/1/assets/img/products/60x60/3.png HTTP/1.1" 404 4861
WARNING:django.server:[2025-07-11 00:21:00] basehttp.py:187:"GET /projects/project/1/assets/img/nav-icons/google-photos.webp HTTP/1.1" 404 4885
INFO:django.server:[2025-07-11 00:21:05] basehttp.py:187:"GET /projects/1/task/create/ HTTP/1.1" 200 87698
WARNING:django.server:[2025-07-11 00:21:05] basehttp.py:187:"GET /projects/1/task/create/assets/img/products/60x60/3.png HTTP/1.1" 404 4873
WARNING:django.server:[2025-07-11 00:21:05] basehttp.py:187:"GET /projects/1/task/create/assets/img/team/40x40/30.webp HTTP/1.1" 404 4867
WARNING:django.server:[2025-07-11 00:21:05] basehttp.py:187:"GET /projects/1/task/create/assets/img/team/40x40/59.webp HTTP/1.1" 404 4867
WARNING:django.server:[2025-07-11 00:21:05] basehttp.py:187:"GET /projects/1/task/create/assets/img/team/40x40/avatar.webp HTTP/1.1" 404 4879
WARNING:django.server:[2025-07-11 00:21:05] basehttp.py:187:"GET /projects/1/task/create/assets/img/nav-icons/behance.webp HTTP/1.1" 404 4879
WARNING:django.server:[2025-07-11 00:21:05] basehttp.py:187:"GET /projects/1/task/create/assets/img/nav-icons/bitbucket.webp HTTP/1.1" 404 4885
WARNING:django.server:[2025-07-11 00:21:05] basehttp.py:187:"GET /projects/1/task/create/assets/img/team/40x40/58.webp HTTP/1.1" 404 4867
WARNING:django.server:[2025-07-11 00:21:05] basehttp.py:187:"GET /projects/1/task/create/assets/img/nav-icons/slack.webp HTTP/1.1" 404 4873
WARNING:django.server:[2025-07-11 00:21:05] basehttp.py:187:"GET /projects/1/task/create/assets/img/nav-icons/google-cloud.webp HTTP/1.1" 404 4894
WARNING:django.server:[2025-07-11 00:21:05] basehttp.py:187:"GET /projects/1/task/create/assets/img/nav-icons/gitlab.webp HTTP/1.1" 404 4876
WARNING:django.server:[2025-07-11 00:21:05] basehttp.py:187:"GET /projects/1/task/create/assets/img/nav-icons/twitter.webp HTTP/1.1" 404 4879
WARNING:django.server:[2025-07-11 00:21:05] basehttp.py:187:"GET /projects/1/task/create/assets/img/nav-icons/pinterest.webp HTTP/1.1" 404 4885
WARNING:django.server:[2025-07-11 00:21:05] basehttp.py:187:"GET /projects/1/task/create/assets/img/nav-icons/figma.webp HTTP/1.1" 404 4873
WARNING:django.server:[2025-07-11 00:21:05] basehttp.py:187:"GET /projects/1/task/create/assets/img/nav-icons/google-drive.webp HTTP/1.1" 404 4894
WARNING:django.server:[2025-07-11 00:21:05] basehttp.py:187:"GET /projects/1/task/create/assets/img/nav-icons/trello.webp HTTP/1.1" 404 4876
WARNING:django.server:[2025-07-11 00:21:05] basehttp.py:187:"GET /projects/1/task/create/assets/img/nav-icons/spotify.webp HTTP/1.1" 404 4879
WARNING:django.server:[2025-07-11 00:21:05] basehttp.py:187:"GET /projects/1/task/create/assets/img/nav-icons/ln.webp HTTP/1.1" 404 4864
WARNING:django.server:[2025-07-11 00:21:05] basehttp.py:187:"GET /projects/1/task/create/assets/img/nav-icons/google-photos.webp HTTP/1.1" 404 4897
WARNING:django.server:[2025-07-11 00:21:05] basehttp.py:187:"GET /projects/1/task/create/assets/img/products/60x60/3.png HTTP/1.1" 404 4873
WARNING:django.server:[2025-07-11 00:21:05] basehttp.py:187:"GET /projects/1/task/create/assets/img/nav-icons/google-maps.webp HTTP/1.1" 404 4891
INFO:django.server:[2025-07-11 00:21:28] basehttp.py:187:"POST /projects/1/task/create/ HTTP/1.1" 200 87794
WARNING:django.server:[2025-07-11 00:21:28] basehttp.py:187:"GET /projects/1/task/create/assets/img/team/40x40/30.webp HTTP/1.1" 404 4867
WARNING:django.server:[2025-07-11 00:21:28] basehttp.py:187:"GET /projects/1/task/create/assets/img/products/60x60/3.png HTTP/1.1" 404 4873
WARNING:django.server:[2025-07-11 00:21:28] basehttp.py:187:"GET /projects/1/task/create/assets/img/team/40x40/avatar.webp HTTP/1.1" 404 4879
WARNING:django.server:[2025-07-11 00:21:28] basehttp.py:187:"GET /projects/1/task/create/assets/img/team/40x40/59.webp HTTP/1.1" 404 4867
WARNING:django.server:[2025-07-11 00:21:28] basehttp.py:187:"GET /projects/1/task/create/assets/img/team/40x40/58.webp HTTP/1.1" 404 4867
WARNING:django.server:[2025-07-11 00:21:28] basehttp.py:187:"GET /projects/1/task/create/assets/img/nav-icons/slack.webp HTTP/1.1" 404 4873
WARNING:django.server:[2025-07-11 00:21:28] basehttp.py:187:"GET /projects/1/task/create/assets/img/nav-icons/google-cloud.webp HTTP/1.1" 404 4894
WARNING:django.server:[2025-07-11 00:21:28] basehttp.py:187:"GET /projects/1/task/create/assets/img/nav-icons/behance.webp HTTP/1.1" 404 4879
WARNING:django.server:[2025-07-11 00:21:28] basehttp.py:187:"GET /projects/1/task/create/assets/img/nav-icons/gitlab.webp HTTP/1.1" 404 4876
WARNING:django.server:[2025-07-11 00:21:28] basehttp.py:187:"GET /projects/1/task/create/assets/img/nav-icons/bitbucket.webp HTTP/1.1" 404 4885
WARNING:django.server:[2025-07-11 00:21:28] basehttp.py:187:"GET /projects/1/task/create/assets/img/nav-icons/google-drive.webp HTTP/1.1" 404 4894
WARNING:django.server:[2025-07-11 00:21:28] basehttp.py:187:"GET /projects/1/task/create/assets/img/nav-icons/trello.webp HTTP/1.1" 404 4876
WARNING:django.server:[2025-07-11 00:21:28] basehttp.py:187:"GET /projects/1/task/create/assets/img/nav-icons/figma.webp HTTP/1.1" 404 4873
WARNING:django.server:[2025-07-11 00:21:28] basehttp.py:187:"GET /projects/1/task/create/assets/img/nav-icons/twitter.webp HTTP/1.1" 404 4879
WARNING:django.server:[2025-07-11 00:21:28] basehttp.py:187:"GET /projects/1/task/create/assets/img/nav-icons/google-maps.webp HTTP/1.1" 404 4891
WARNING:django.server:[2025-07-11 00:21:28] basehttp.py:187:"GET /projects/1/task/create/assets/img/nav-icons/ln.webp HTTP/1.1" 404 4864
WARNING:django.server:[2025-07-11 00:21:28] basehttp.py:187:"GET /projects/1/task/create/assets/img/nav-icons/pinterest.webp HTTP/1.1" 404 4885
WARNING:django.server:[2025-07-11 00:21:28] basehttp.py:187:"GET /projects/1/task/create/assets/img/nav-icons/spotify.webp HTTP/1.1" 404 4879
WARNING:django.server:[2025-07-11 00:21:28] basehttp.py:187:"GET /projects/1/task/create/assets/img/nav-icons/google-photos.webp HTTP/1.1" 404 4897
WARNING:django.server:[2025-07-11 00:21:28] basehttp.py:187:"GET /projects/1/task/create/assets/img/products/60x60/3.png HTTP/1.1" 404 4873
INFO:django.server:[2025-07-11 00:21:30] basehttp.py:187:"POST /projects/1/task/create/ HTTP/1.1" 200 87794
WARNING:django.server:[2025-07-11 00:21:30] basehttp.py:187:"GET /projects/1/task/create/assets/img/team/40x40/30.webp HTTP/1.1" 404 4867
WARNING:django.server:[2025-07-11 00:21:30] basehttp.py:187:"GET /projects/1/task/create/assets/img/products/60x60/3.png HTTP/1.1" 404 4873
WARNING:django.server:[2025-07-11 00:21:30] basehttp.py:187:"GET /projects/1/task/create/assets/img/team/40x40/avatar.webp HTTP/1.1" 404 4879
WARNING:django.server:[2025-07-11 00:21:30] basehttp.py:187:"GET /projects/1/task/create/assets/img/team/40x40/59.webp HTTP/1.1" 404 4867
WARNING:django.server:[2025-07-11 00:21:30] basehttp.py:187:"GET /projects/1/task/create/assets/img/nav-icons/google-cloud.webp HTTP/1.1" 404 4894
WARNING:django.server:[2025-07-11 00:21:30] basehttp.py:187:"GET /projects/1/task/create/assets/img/nav-icons/behance.webp HTTP/1.1" 404 4879
WARNING:django.server:[2025-07-11 00:21:30] basehttp.py:187:"GET /projects/1/task/create/assets/img/team/40x40/58.webp HTTP/1.1" 404 4867
WARNING:django.server:[2025-07-11 00:21:30] basehttp.py:187:"GET /projects/1/task/create/assets/img/nav-icons/bitbucket.webp HTTP/1.1" 404 4885
WARNING:django.server:[2025-07-11 00:21:30] basehttp.py:187:"GET /projects/1/task/create/assets/img/nav-icons/slack.webp HTTP/1.1" 404 4873
WARNING:django.server:[2025-07-11 00:21:30] basehttp.py:187:"GET /projects/1/task/create/assets/img/nav-icons/gitlab.webp HTTP/1.1" 404 4876
WARNING:django.server:[2025-07-11 00:21:30] basehttp.py:187:"GET /projects/1/task/create/assets/img/nav-icons/google-drive.webp HTTP/1.1" 404 4894
WARNING:django.server:[2025-07-11 00:21:30] basehttp.py:187:"GET /projects/1/task/create/assets/img/nav-icons/trello.webp HTTP/1.1" 404 4876
WARNING:django.server:[2025-07-11 00:21:30] basehttp.py:187:"GET /projects/1/task/create/assets/img/nav-icons/pinterest.webp HTTP/1.1" 404 4885
WARNING:django.server:[2025-07-11 00:21:30] basehttp.py:187:"GET /projects/1/task/create/assets/img/nav-icons/twitter.webp HTTP/1.1" 404 4879
WARNING:django.server:[2025-07-11 00:21:30] basehttp.py:187:"GET /projects/1/task/create/assets/img/nav-icons/figma.webp HTTP/1.1" 404 4873
WARNING:django.server:[2025-07-11 00:21:30] basehttp.py:187:"GET /projects/1/task/create/assets/img/nav-icons/spotify.webp HTTP/1.1" 404 4879
WARNING:django.server:[2025-07-11 00:21:30] basehttp.py:187:"GET /projects/1/task/create/assets/img/nav-icons/ln.webp HTTP/1.1" 404 4864
WARNING:django.server:[2025-07-11 00:21:30] basehttp.py:187:"GET /projects/1/task/create/assets/img/nav-icons/google-photos.webp HTTP/1.1" 404 4897
WARNING:django.server:[2025-07-11 00:21:30] basehttp.py:187:"GET /projects/1/task/create/assets/img/nav-icons/google-maps.webp HTTP/1.1" 404 4891
WARNING:django.server:[2025-07-11 00:21:30] basehttp.py:187:"GET /projects/1/task/create/assets/img/products/60x60/3.png HTTP/1.1" 404 4873
INFO:django.server:[2025-07-11 00:21:30] basehttp.py:187:"POST /projects/1/task/create/ HTTP/1.1" 200 87794
WARNING:django.server:[2025-07-11 00:21:30] basehttp.py:187:"GET /projects/1/task/create/assets/img/team/40x40/30.webp HTTP/1.1" 404 4867
WARNING:django.server:[2025-07-11 00:21:30] basehttp.py:187:"GET /projects/1/task/create/assets/img/products/60x60/3.png HTTP/1.1" 404 4873
WARNING:django.server:[2025-07-11 00:21:30] basehttp.py:187:"GET /projects/1/task/create/assets/img/team/40x40/58.webp HTTP/1.1" 404 4867
WARNING:django.server:[2025-07-11 00:21:30] basehttp.py:187:"GET /projects/1/task/create/assets/img/team/40x40/59.webp HTTP/1.1" 404 4867
WARNING:django.server:[2025-07-11 00:21:30] basehttp.py:187:"GET /projects/1/task/create/assets/img/nav-icons/google-cloud.webp HTTP/1.1" 404 4894
WARNING:django.server:[2025-07-11 00:21:30] basehttp.py:187:"GET /projects/1/task/create/assets/img/nav-icons/behance.webp HTTP/1.1" 404 4879
WARNING:django.server:[2025-07-11 00:21:30] basehttp.py:187:"GET /projects/1/task/create/assets/img/team/40x40/avatar.webp HTTP/1.1" 404 4879
WARNING:django.server:[2025-07-11 00:21:30] basehttp.py:187:"GET /projects/1/task/create/assets/img/nav-icons/slack.webp HTTP/1.1" 404 4873
WARNING:django.server:[2025-07-11 00:21:30] basehttp.py:187:"GET /projects/1/task/create/assets/img/nav-icons/gitlab.webp HTTP/1.1" 404 4876
WARNING:django.server:[2025-07-11 00:21:30] basehttp.py:187:"GET /projects/1/task/create/assets/img/nav-icons/bitbucket.webp HTTP/1.1" 404 4885
WARNING:django.server:[2025-07-11 00:21:30] basehttp.py:187:"GET /projects/1/task/create/assets/img/nav-icons/trello.webp HTTP/1.1" 404 4876
WARNING:django.server:[2025-07-11 00:21:30] basehttp.py:187:"GET /projects/1/task/create/assets/img/nav-icons/figma.webp HTTP/1.1" 404 4873
WARNING:django.server:[2025-07-11 00:21:30] basehttp.py:187:"GET /projects/1/task/create/assets/img/nav-icons/google-drive.webp HTTP/1.1" 404 4894
WARNING:django.server:[2025-07-11 00:21:30] basehttp.py:187:"GET /projects/1/task/create/assets/img/nav-icons/ln.webp HTTP/1.1" 404 4864
WARNING:django.server:[2025-07-11 00:21:30] basehttp.py:187:"GET /projects/1/task/create/assets/img/nav-icons/pinterest.webp HTTP/1.1" 404 4885
WARNING:django.server:[2025-07-11 00:21:30] basehttp.py:187:"GET /projects/1/task/create/assets/img/nav-icons/google-maps.webp HTTP/1.1" 404 4891
WARNING:django.server:[2025-07-11 00:21:30] basehttp.py:187:"GET /projects/1/task/create/assets/img/nav-icons/twitter.webp HTTP/1.1" 404 4879
WARNING:django.server:[2025-07-11 00:21:30] basehttp.py:187:"GET /projects/1/task/create/assets/img/nav-icons/spotify.webp HTTP/1.1" 404 4879
WARNING:django.server:[2025-07-11 00:21:30] basehttp.py:187:"GET /projects/1/task/create/assets/img/nav-icons/google-photos.webp HTTP/1.1" 404 4897
WARNING:django.server:[2025-07-11 00:21:30] basehttp.py:187:"GET /projects/1/task/create/assets/img/products/60x60/3.png HTTP/1.1" 404 4873
INFO:django.utils.autoreload:[2025-07-11 00:22:15] autoreload.py:266:/Users/zhongyu/Projects/Web_app/proj_portal/proj_management/project/views.py changed, reloading.
INFO:django.utils.autoreload:[2025-07-11 00:22:15] autoreload.py:677:Watching for file changes with StatReloader
INFO:django.utils.autoreload:[2025-07-11 00:22:15] autoreload.py:266:/Users/zhongyu/Projects/Web_app/proj_portal/proj_management/project/views.py changed, reloading.
INFO:django.utils.autoreload:[2025-07-11 00:22:15] autoreload.py:677:Watching for file changes with StatReloader
INFO:django.utils.autoreload:[2025-07-11 00:22:25] autoreload.py:266:/Users/zhongyu/Projects/Web_app/proj_portal/proj_management/project/views.py changed, reloading.
INFO:django.utils.autoreload:[2025-07-11 00:22:26] autoreload.py:266:/Users/zhongyu/Projects/Web_app/proj_portal/proj_management/project/views.py changed, reloading.
INFO:django.utils.autoreload:[2025-07-11 00:22:26] autoreload.py:677:Watching for file changes with StatReloader
INFO:django.utils.autoreload:[2025-07-11 00:22:26] autoreload.py:677:Watching for file changes with StatReloader
INFO:django.server:[2025-07-11 00:22:32] basehttp.py:187:"POST /projects/1/task/create/ HTTP/1.1" 200 87794
WARNING:django.server:[2025-07-11 00:22:32] basehttp.py:187:"GET /projects/1/task/create/assets/img/team/40x40/30.webp HTTP/1.1" 404 4867
WARNING:django.server:[2025-07-11 00:22:32] basehttp.py:187:"GET /projects/1/task/create/assets/img/products/60x60/3.png HTTP/1.1" 404 4873
WARNING:django.server:[2025-07-11 00:22:32] basehttp.py:187:"GET /projects/1/task/create/assets/img/team/40x40/avatar.webp HTTP/1.1" 404 4879
WARNING:django.server:[2025-07-11 00:22:32] basehttp.py:187:"GET /projects/1/task/create/assets/img/team/40x40/58.webp HTTP/1.1" 404 4867
WARNING:django.server:[2025-07-11 00:22:32] basehttp.py:187:"GET /projects/1/task/create/assets/img/nav-icons/slack.webp HTTP/1.1" 404 4873
WARNING:django.server:[2025-07-11 00:22:32] basehttp.py:187:"GET /projects/1/task/create/assets/img/nav-icons/bitbucket.webp HTTP/1.1" 404 4885
WARNING:django.server:[2025-07-11 00:22:32] basehttp.py:187:"GET /projects/1/task/create/assets/img/nav-icons/google-cloud.webp HTTP/1.1" 404 4894
WARNING:django.server:[2025-07-11 00:22:32] basehttp.py:187:"GET /projects/1/task/create/assets/img/team/40x40/59.webp HTTP/1.1" 404 4867
WARNING:django.server:[2025-07-11 00:22:32] basehttp.py:187:"GET /projects/1/task/create/assets/img/nav-icons/behance.webp HTTP/1.1" 404 4879
WARNING:django.server:[2025-07-11 00:22:32] basehttp.py:187:"GET /projects/1/task/create/assets/img/nav-icons/gitlab.webp HTTP/1.1" 404 4876
WARNING:django.server:[2025-07-11 00:22:32] basehttp.py:187:"GET /projects/1/task/create/assets/img/nav-icons/google-drive.webp HTTP/1.1" 404 4894
WARNING:django.server:[2025-07-11 00:22:32] basehttp.py:187:"GET /projects/1/task/create/assets/img/nav-icons/twitter.webp HTTP/1.1" 404 4879
WARNING:django.server:[2025-07-11 00:22:32] basehttp.py:187:"GET /projects/1/task/create/assets/img/nav-icons/pinterest.webp HTTP/1.1" 404 4885
WARNING:django.server:[2025-07-11 00:22:32] basehttp.py:187:"GET /projects/1/task/create/assets/img/nav-icons/figma.webp HTTP/1.1" 404 4873
WARNING:django.server:[2025-07-11 00:22:32] basehttp.py:187:"GET /projects/1/task/create/assets/img/nav-icons/trello.webp HTTP/1.1" 404 4876
WARNING:django.server:[2025-07-11 00:22:32] basehttp.py:187:"GET /projects/1/task/create/assets/img/nav-icons/ln.webp HTTP/1.1" 404 4864
WARNING:django.server:[2025-07-11 00:22:32] basehttp.py:187:"GET /projects/1/task/create/assets/img/nav-icons/google-photos.webp HTTP/1.1" 404 4897
WARNING:django.server:[2025-07-11 00:22:32] basehttp.py:187:"GET /projects/1/task/create/assets/img/nav-icons/google-maps.webp HTTP/1.1" 404 4891
WARNING:django.server:[2025-07-11 00:22:32] basehttp.py:187:"GET /projects/1/task/create/assets/img/nav-icons/spotify.webp HTTP/1.1" 404 4879
INFO:django.server:[2025-07-11 00:22:33] basehttp.py:187:"POST /projects/1/task/create/ HTTP/1.1" 200 87794
WARNING:django.server:[2025-07-11 00:22:33] basehttp.py:187:"GET /projects/1/task/create/assets/img/products/60x60/3.png HTTP/1.1" 404 4873
WARNING:django.server:[2025-07-11 00:22:33] basehttp.py:187:"GET /projects/1/task/create/assets/img/team/40x40/30.webp HTTP/1.1" 404 4867
WARNING:django.server:[2025-07-11 00:22:33] basehttp.py:187:"GET /projects/1/task/create/assets/img/team/40x40/avatar.webp HTTP/1.1" 404 4879
WARNING:django.server:[2025-07-11 00:22:33] basehttp.py:187:"GET /projects/1/task/create/assets/img/team/40x40/58.webp HTTP/1.1" 404 4867
WARNING:django.server:[2025-07-11 00:22:33] basehttp.py:187:"GET /projects/1/task/create/assets/img/team/40x40/59.webp HTTP/1.1" 404 4867
WARNING:django.server:[2025-07-11 00:22:33] basehttp.py:187:"GET /projects/1/task/create/assets/img/nav-icons/slack.webp HTTP/1.1" 404 4873
WARNING:django.server:[2025-07-11 00:22:33] basehttp.py:187:"GET /projects/1/task/create/assets/img/nav-icons/behance.webp HTTP/1.1" 404 4879
WARNING:django.server:[2025-07-11 00:22:33] basehttp.py:187:"GET /projects/1/task/create/assets/img/nav-icons/gitlab.webp HTTP/1.1" 404 4876
WARNING:django.server:[2025-07-11 00:22:33] basehttp.py:187:"GET /projects/1/task/create/assets/img/nav-icons/google-cloud.webp HTTP/1.1" 404 4894
WARNING:django.server:[2025-07-11 00:22:33] basehttp.py:187:"GET /projects/1/task/create/assets/img/nav-icons/bitbucket.webp HTTP/1.1" 404 4885
WARNING:django.server:[2025-07-11 00:22:33] basehttp.py:187:"GET /projects/1/task/create/assets/img/nav-icons/google-drive.webp HTTP/1.1" 404 4894
WARNING:django.server:[2025-07-11 00:22:33] basehttp.py:187:"GET /projects/1/task/create/assets/img/nav-icons/figma.webp HTTP/1.1" 404 4873
WARNING:django.server:[2025-07-11 00:22:33] basehttp.py:187:"GET /projects/1/task/create/assets/img/nav-icons/trello.webp HTTP/1.1" 404 4876
WARNING:django.server:[2025-07-11 00:22:33] basehttp.py:187:"GET /projects/1/task/create/assets/img/nav-icons/twitter.webp HTTP/1.1" 404 4879
WARNING:django.server:[2025-07-11 00:22:33] basehttp.py:187:"GET /projects/1/task/create/assets/img/nav-icons/pinterest.webp HTTP/1.1" 404 4885
WARNING:django.server:[2025-07-11 00:22:33] basehttp.py:187:"GET /projects/1/task/create/assets/img/nav-icons/ln.webp HTTP/1.1" 404 4864
WARNING:django.server:[2025-07-11 00:22:33] basehttp.py:187:"GET /projects/1/task/create/assets/img/nav-icons/google-photos.webp HTTP/1.1" 404 4897
WARNING:django.server:[2025-07-11 00:22:33] basehttp.py:187:"GET /projects/1/task/create/assets/img/nav-icons/google-maps.webp HTTP/1.1" 404 4891
WARNING:django.server:[2025-07-11 00:22:33] basehttp.py:187:"GET /projects/1/task/create/assets/img/products/60x60/3.png HTTP/1.1" 404 4873
WARNING:django.server:[2025-07-11 00:22:33] basehttp.py:187:"GET /projects/1/task/create/assets/img/nav-icons/spotify.webp HTTP/1.1" 404 4879
INFO:django.server:[2025-07-11 00:22:35] basehttp.py:187:"POST /projects/1/task/create/ HTTP/1.1" 200 87794
WARNING:django.server:[2025-07-11 00:22:35] basehttp.py:187:"GET /projects/1/task/create/assets/img/products/60x60/3.png HTTP/1.1" 404 4873
WARNING:django.server:[2025-07-11 00:22:35] basehttp.py:187:"GET /projects/1/task/create/assets/img/team/40x40/30.webp HTTP/1.1" 404 4867
WARNING:django.server:[2025-07-11 00:22:35] basehttp.py:187:"GET /projects/1/task/create/assets/img/team/40x40/avatar.webp HTTP/1.1" 404 4879
WARNING:django.server:[2025-07-11 00:22:35] basehttp.py:187:"GET /projects/1/task/create/assets/img/nav-icons/slack.webp HTTP/1.1" 404 4873
WARNING:django.server:[2025-07-11 00:22:35] basehttp.py:187:"GET /projects/1/task/create/assets/img/team/40x40/58.webp HTTP/1.1" 404 4867
WARNING:django.server:[2025-07-11 00:22:35] basehttp.py:187:"GET /projects/1/task/create/assets/img/team/40x40/59.webp HTTP/1.1" 404 4867
WARNING:django.server:[2025-07-11 00:22:35] basehttp.py:187:"GET /projects/1/task/create/assets/img/nav-icons/google-cloud.webp HTTP/1.1" 404 4894
WARNING:django.server:[2025-07-11 00:22:35] basehttp.py:187:"GET /projects/1/task/create/assets/img/nav-icons/behance.webp HTTP/1.1" 404 4879
WARNING:django.server:[2025-07-11 00:22:35] basehttp.py:187:"GET /projects/1/task/create/assets/img/nav-icons/gitlab.webp HTTP/1.1" 404 4876
WARNING:django.server:[2025-07-11 00:22:35] basehttp.py:187:"GET /projects/1/task/create/assets/img/nav-icons/bitbucket.webp HTTP/1.1" 404 4885
WARNING:django.server:[2025-07-11 00:22:35] basehttp.py:187:"GET /projects/1/task/create/assets/img/nav-icons/google-drive.webp HTTP/1.1" 404 4894
WARNING:django.server:[2025-07-11 00:22:35] basehttp.py:187:"GET /projects/1/task/create/assets/img/nav-icons/trello.webp HTTP/1.1" 404 4876
WARNING:django.server:[2025-07-11 00:22:35] basehttp.py:187:"GET /projects/1/task/create/assets/img/nav-icons/figma.webp HTTP/1.1" 404 4873
WARNING:django.server:[2025-07-11 00:22:35] basehttp.py:187:"GET /projects/1/task/create/assets/img/nav-icons/twitter.webp HTTP/1.1" 404 4879
WARNING:django.server:[2025-07-11 00:22:35] basehttp.py:187:"GET /projects/1/task/create/assets/img/nav-icons/ln.webp HTTP/1.1" 404 4864
WARNING:django.server:[2025-07-11 00:22:35] basehttp.py:187:"GET /projects/1/task/create/assets/img/nav-icons/google-maps.webp HTTP/1.1" 404 4891
WARNING:django.server:[2025-07-11 00:22:35] basehttp.py:187:"GET /projects/1/task/create/assets/img/nav-icons/pinterest.webp HTTP/1.1" 404 4885
WARNING:django.server:[2025-07-11 00:22:35] basehttp.py:187:"GET /projects/1/task/create/assets/img/nav-icons/google-photos.webp HTTP/1.1" 404 4897
WARNING:django.server:[2025-07-11 00:22:35] basehttp.py:187:"GET /projects/1/task/create/assets/img/nav-icons/spotify.webp HTTP/1.1" 404 4879
WARNING:django.server:[2025-07-11 00:22:35] basehttp.py:187:"GET /projects/1/task/create/assets/img/products/60x60/3.png HTTP/1.1" 404 4873
INFO:django.server:[2025-07-11 00:22:37] basehttp.py:187:"POST /projects/1/task/create/ HTTP/1.1" 200 87794
WARNING:django.server:[2025-07-11 00:22:37] basehttp.py:187:"GET /projects/1/task/create/assets/img/team/40x40/30.webp HTTP/1.1" 404 4867
WARNING:django.server:[2025-07-11 00:22:37] basehttp.py:187:"GET /projects/1/task/create/assets/img/products/60x60/3.png HTTP/1.1" 404 4873
WARNING:django.server:[2025-07-11 00:22:37] basehttp.py:187:"GET /projects/1/task/create/assets/img/team/40x40/avatar.webp HTTP/1.1" 404 4879
WARNING:django.server:[2025-07-11 00:22:37] basehttp.py:187:"GET /projects/1/task/create/assets/img/nav-icons/behance.webp HTTP/1.1" 404 4879
WARNING:django.server:[2025-07-11 00:22:37] basehttp.py:187:"GET /projects/1/task/create/assets/img/nav-icons/google-cloud.webp HTTP/1.1" 404 4894
WARNING:django.server:[2025-07-11 00:22:37] basehttp.py:187:"GET /projects/1/task/create/assets/img/team/40x40/58.webp HTTP/1.1" 404 4867
WARNING:django.server:[2025-07-11 00:22:37] basehttp.py:187:"GET /projects/1/task/create/assets/img/nav-icons/slack.webp HTTP/1.1" 404 4873
WARNING:django.server:[2025-07-11 00:22:37] basehttp.py:187:"GET /projects/1/task/create/assets/img/team/40x40/59.webp HTTP/1.1" 404 4867
WARNING:django.server:[2025-07-11 00:22:37] basehttp.py:187:"GET /projects/1/task/create/assets/img/nav-icons/bitbucket.webp HTTP/1.1" 404 4885
WARNING:django.server:[2025-07-11 00:22:37] basehttp.py:187:"GET /projects/1/task/create/assets/img/nav-icons/gitlab.webp HTTP/1.1" 404 4876
WARNING:django.server:[2025-07-11 00:22:37] basehttp.py:187:"GET /projects/1/task/create/assets/img/nav-icons/figma.webp HTTP/1.1" 404 4873
WARNING:django.server:[2025-07-11 00:22:37] basehttp.py:187:"GET /projects/1/task/create/assets/img/nav-icons/trello.webp HTTP/1.1" 404 4876
WARNING:django.server:[2025-07-11 00:22:37] basehttp.py:187:"GET /projects/1/task/create/assets/img/nav-icons/google-drive.webp HTTP/1.1" 404 4894
WARNING:django.server:[2025-07-11 00:22:37] basehttp.py:187:"GET /projects/1/task/create/assets/img/nav-icons/ln.webp HTTP/1.1" 404 4864
WARNING:django.server:[2025-07-11 00:22:37] basehttp.py:187:"GET /projects/1/task/create/assets/img/nav-icons/twitter.webp HTTP/1.1" 404 4879
WARNING:django.server:[2025-07-11 00:22:37] basehttp.py:187:"GET /projects/1/task/create/assets/img/nav-icons/google-maps.webp HTTP/1.1" 404 4891
WARNING:django.server:[2025-07-11 00:22:37] basehttp.py:187:"GET /projects/1/task/create/assets/img/nav-icons/google-photos.webp HTTP/1.1" 404 4897
WARNING:django.server:[2025-07-11 00:22:37] basehttp.py:187:"GET /projects/1/task/create/assets/img/nav-icons/spotify.webp HTTP/1.1" 404 4879
WARNING:django.server:[2025-07-11 00:22:37] basehttp.py:187:"GET /projects/1/task/create/assets/img/nav-icons/pinterest.webp HTTP/1.1" 404 4885
WARNING:django.server:[2025-07-11 00:22:37] basehttp.py:187:"GET /projects/1/task/create/assets/img/products/60x60/3.png HTTP/1.1" 404 4873
INFO:django.server:[2025-07-11 00:22:47] basehttp.py:187:"GET /home/ HTTP/1.1" 200 187087
WARNING:django.server:[2025-07-11 00:22:47] basehttp.py:187:"GET /home/assets/img/products/60x60/3.png HTTP/1.1" 404 2734
WARNING:django.server:[2025-07-11 00:22:47] basehttp.py:187:"GET /home/assets/img/team/40x40/30.webp HTTP/1.1" 404 2728
WARNING:django.server:[2025-07-11 00:22:47] basehttp.py:187:"GET /home/assets/img/team/40x40/59.webp HTTP/1.1" 404 2728
WARNING:django.server:[2025-07-11 00:22:47] basehttp.py:187:"GET /home/assets/img/team/40x40/avatar.webp HTTP/1.1" 404 2740
WARNING:django.server:[2025-07-11 00:22:47] basehttp.py:187:"GET /home/assets/img/nav-icons/slack.webp HTTP/1.1" 404 2734
WARNING:django.server:[2025-07-11 00:22:47] basehttp.py:187:"GET /home/assets/img/team/40x40/58.webp HTTP/1.1" 404 2728
WARNING:django.server:[2025-07-11 00:22:47] basehttp.py:187:"GET /home/assets/img/nav-icons/behance.webp HTTP/1.1" 404 2740
WARNING:django.server:[2025-07-11 00:22:47] basehttp.py:187:"GET /home/assets/img/nav-icons/google-cloud.webp HTTP/1.1" 404 2755
WARNING:django.server:[2025-07-11 00:22:47] basehttp.py:187:"GET /home/assets/img/nav-icons/gitlab.webp HTTP/1.1" 404 2737
WARNING:django.server:[2025-07-11 00:22:47] basehttp.py:187:"GET /home/assets/img/nav-icons/bitbucket.webp HTTP/1.1" 404 2746
WARNING:django.server:[2025-07-11 00:22:47] basehttp.py:187:"GET /home/assets/img/nav-icons/trello.webp HTTP/1.1" 404 2737
WARNING:django.server:[2025-07-11 00:22:47] basehttp.py:187:"GET /home/assets/img/nav-icons/google-drive.webp HTTP/1.1" 404 2755
WARNING:django.server:[2025-07-11 00:22:47] basehttp.py:187:"GET /home/assets/img/nav-icons/figma.webp HTTP/1.1" 404 2734
WARNING:django.server:[2025-07-11 00:22:47] basehttp.py:187:"GET /home/assets/img/nav-icons/pinterest.webp HTTP/1.1" 404 2746
WARNING:django.server:[2025-07-11 00:22:47] basehttp.py:187:"GET /home/assets/img/nav-icons/twitter.webp HTTP/1.1" 404 2740
WARNING:django.server:[2025-07-11 00:22:47] basehttp.py:187:"GET /assets/img/spot-illustrations/32.png HTTP/1.1" 404 2734
WARNING:django.server:[2025-07-11 00:22:47] basehttp.py:187:"GET /home/assets/img/nav-icons/google-maps.webp HTTP/1.1" 404 2752
WARNING:django.server:[2025-07-11 00:22:47] basehttp.py:187:"GET /home/assets/img/nav-icons/ln.webp HTTP/1.1" 404 2725
WARNING:django.server:[2025-07-11 00:22:47] basehttp.py:187:"GET /home/assets/img/nav-icons/google-photos.webp HTTP/1.1" 404 2758
WARNING:django.server:[2025-07-11 00:22:47] basehttp.py:187:"GET /home/assets/img/nav-icons/spotify.webp HTTP/1.1" 404 2740
WARNING:django.server:[2025-07-11 00:22:47] basehttp.py:187:"GET /assets/img/generic/40.png HTTP/1.1" 404 2701
WARNING:django.server:[2025-07-11 00:22:47] basehttp.py:187:"GET /home/assets/img/team/30.webp HTTP/1.1" 404 2710
WARNING:django.server:[2025-07-11 00:22:47] basehttp.py:187:"GET /home/assets/img/products/60x60/3.png HTTP/1.1" 404 2734
INFO:django.server:[2025-07-11 00:28:43] basehttp.py:187:"GET /home/ HTTP/1.1" 200 145368
INFO:django.server:[2025-07-11 00:28:43] basehttp.py:187:"GET /static/assets/img/team/40x40/10.webp HTTP/1.1" 200 558
WARNING:django.server:[2025-07-11 00:28:43] basehttp.py:187:"GET /assets/img/generic/40.png HTTP/1.1" 404 2701
WARNING:django.server:[2025-07-11 00:28:43] basehttp.py:187:"GET /home/assets/img/team/30.webp HTTP/1.1" 404 2710
WARNING:django.server:[2025-07-11 00:28:43] basehttp.py:187:"GET /assets/img/spot-illustrations/32.png HTTP/1.1" 404 2734
INFO:django.server:[2025-07-11 00:28:45] basehttp.py:187:"GET /projects/project/create/ HTTP/1.1" 200 42892
INFO:django.server:[2025-07-11 00:28:46] basehttp.py:187:"GET /projects/project/project_list/ HTTP/1.1" 200 50922
INFO:django.server:[2025-07-11 00:28:47] basehttp.py:187:"GET /projects/project/project_card/ HTTP/1.1" 200 148907
WARNING:django.server:[2025-07-11 00:28:47] basehttp.py:187:"GET /projects/assets/img/generic/43.png HTTP/1.1" 404 4813
WARNING:django.server:[2025-07-11 00:28:47] basehttp.py:187:"GET /projects/assets/img/team/60.webp HTTP/1.1" 404 4807
WARNING:django.server:[2025-07-11 00:28:47] basehttp.py:187:"GET /projects/assets/img/team/58.webp HTTP/1.1" 404 4807
WARNING:django.server:[2025-07-11 00:28:47] basehttp.py:187:"GET /projects/assets/img/team/34.webp HTTP/1.1" 404 4807
WARNING:django.server:[2025-07-11 00:28:47] basehttp.py:187:"GET /projects/assets/img/team/59.webp HTTP/1.1" 404 4807
WARNING:django.server:[2025-07-11 00:28:47] basehttp.py:187:"GET /projects/assets/img//team/30.webp HTTP/1.1" 404 4810
WARNING:django.server:[2025-07-11 00:28:47] basehttp.py:187:"GET /projects/assets/img/generic/42.png HTTP/1.1" 404 4813
WARNING:django.server:[2025-07-11 00:28:47] basehttp.py:187:"GET /projects/assets/img/generic/40.png HTTP/1.1" 404 4813
WARNING:django.server:[2025-07-11 00:28:47] basehttp.py:187:"GET /projects/assets/img/products/60x60/3.png HTTP/1.1" 404 4831
WARNING:django.server:[2025-07-11 00:28:47] basehttp.py:187:"GET /projects/assets/img/team/40x40/10.webp HTTP/1.1" 404 4825
WARNING:django.server:[2025-07-11 00:28:47] basehttp.py:187:"GET /projects/assets/img/team/40x40/12.webp HTTP/1.1" 404 4825
WARNING:django.server:[2025-07-11 00:28:47] basehttp.py:187:"GET /projects/assets/img/team/60.webp HTTP/1.1" 404 4807
INFO:django.server:[2025-07-11 00:28:49] basehttp.py:187:"GET /projects/project/1/ HTTP/1.1" 200 48296
INFO:django.server:[2025-07-11 00:28:50] basehttp.py:187:"GET /projects/1/task/create/ HTTP/1.1" 200 45979
INFO:django.server:[2025-07-11 00:28:51] basehttp.py:187:"GET /projects/project/1/ HTTP/1.1" 200 48296
INFO:django.server:[2025-07-11 00:28:53] basehttp.py:187:"GET /projects/task/list/ HTTP/1.1" 200 45203
INFO:django.server:[2025-07-11 00:28:54] basehttp.py:187:"GET /userprofiles/userprofile_list/ HTTP/1.1" 200 42850
WARNING:django.server:[2025-07-11 00:28:56] basehttp.py:187:"GET /userprofiles/userprofile_list/apps/calendar.html HTTP/1.1" 404 3643
INFO:django.server:[2025-07-11 00:29:04] basehttp.py:187:"GET /userprofiles/userprofile_list/ HTTP/1.1" 200 42850
INFO:django.server:[2025-07-11 00:29:05] basehttp.py:187:"GET /userprofiles/member/create/ HTTP/1.1" 200 46516
